run_date,gati_id,sku,variant_id,product_title,product_status,karat,gross_weight_g,diamond_cost,making_cost,admin_url
2026-08-06,,,48120221958401,TestPOS,DRAFT,18K,0,0,0,https://admin.shopify.com/store/auracarat/products/9042656329985/variants/48120221958401
2026-08-06,,,48632162255105,Nosepin,ACTIVE,18K,0,0,0,https://admin.shopify.com/store/auracarat/products/9127283163393/variants/48632162255105
2026-08-06,,,48632162287873,Nosepin,ACTIVE,18K,0,0,0,https://admin.shopify.com/store/auracarat/products/9127283163393/variants/48632162287873
2026-08-06,,,48632162320641,Nosepin,ACTIVE,18K,0,0,0,https://admin.shopify.com/store/auracarat/products/9127283163393/variants/48632162320641
2026-08-06,,,48708681138433,Box Chain,ACTIVE,18K,0,0,0,https://admin.shopify.com/store/auracarat/products/9137657348353/variants/48708681138433
2026-08-06,,,48708681171201,Box Chain,ACTIVE,18K,0,0,0,https://admin.shopify.com/store/auracarat/products/9137657348353/variants/48708681171201
2026-08-06,,,48708681203969,Box Chain,ACTIVE,18K,0,0,0,https://admin.shopify.com/store/auracarat/products/9137657348353/variants/48708681203969
2026-08-06,,,48708681236737,Box Chain,ACTIVE,18K,0,0,0,https://admin.shopify.com/store/auracarat/products/9137657348353/variants/48708681236737
2026-08-06,,,48708681269505,Box Chain,ACTIVE,18K,0,0,0,https://admin.shopify.com/store/auracarat/products/9137657348353/variants/48708681269505
2026-08-06,,,48708681302273,Box Chain,ACTIVE,18K,0,0,0,https://admin.shopify.com/store/auracarat/products/9137657348353/variants/48708681302273
2026-08-06,,,48708681335041,Box Chain,ACTIVE,18K,0,0,0,https://admin.shopify.com/store/auracarat/products/9137657348353/variants/48708681335041
2026-08-06,,,48708681367809,Box Chain,ACTIVE,18K,0,0,0,https://admin.shopify.com/store/auracarat/products/9137657348353/variants/48708681367809
2026-08-06,,,48708681400577,Box Chain,ACTIVE,18K,0,0,0,https://admin.shopify.com/store/auracarat/products/9137657348353/variants/48708681400577
2026-08-06,,,48708681433345,Box Chain,ACTIVE,18K,0,0,0,https://admin.shopify.com/store/auracarat/products/9137657348353/variants/48708681433345
2026-08-06,,,48708681466113,Box Chain,ACTIVE,18K,0,0,0,https://admin.shopify.com/store/auracarat/products/9137657348353/variants/48708681466113
2026-08-06,,,48708681498881,Box Chain,ACTIVE,18K,0,0,0,https://admin.shopify.com/store/auracarat/products/9137657348353/variants/48708681498881
2026-08-06,,,48708681531649,Box Chain,ACTIVE,18K,0,0,0,https://admin.shopify.com/store/auracarat/products/9137657348353/variants/48708681531649
2026-08-06,,,48708681564417,Box Chain,ACTIVE,18K,0,0,0,https://admin.shopify.com/store/auracarat/products/9137657348353/variants/48708681564417
2026-08-06,,,48708681597185,Box Chain,ACTIVE,18K,0,0,0,https://admin.shopify.com/store/auracarat/products/9137657348353/variants/48708681597185
2026-08-06,,,48708681662721,Box Chain,ACTIVE,18K,0,0,0,https://admin.shopify.com/store/auracarat/products/9137657348353/variants/48708681662721
2026-08-06,,,48708681695489,Box Chain,ACTIVE,18K,0,0,0,https://admin.shopify.com/store/auracarat/products/9137657348353/variants/48708681695489
2026-08-06,,,48708681728257,Box Chain,ACTIVE,18K,0,0,0,https://admin.shopify.com/store/auracarat/products/9137657348353/variants/48708681728257
2026-08-06,,,48708681761025,Box Chain,ACTIVE,18K,0,0,0,https://admin.shopify.com/store/auracarat/products/9137657348353/variants/48708681761025
2026-08-06,,,48708681793793,Box Chain,ACTIVE,18K,0,0,0,https://admin.shopify.com/store/auracarat/products/9137657348353/variants/48708681793793
2026-08-06,,,48708681826561,Box Chain,ACTIVE,18K,0,0,0,https://admin.shopify.com/store/auracarat/products/9137657348353/variants/48708681826561
2026-08-06,,,48708681859329,Box Chain,ACTIVE,18K,0,0,0,https://admin.shopify.com/store/auracarat/products/9137657348353/variants/48708681859329
2026-08-06,,,48708681892097,Box Chain,ACTIVE,18K,0,0,0,https://admin.shopify.com/store/auracarat/products/9137657348353/variants/48708681892097
2026-08-06,,,48708681924865,Box Chain,ACTIVE,18K,0,0,0,https://admin.shopify.com/store/auracarat/products/9137657348353/variants/48708681924865
2026-08-06,,,48708681957633,Box Chain,ACTIVE,18K,0,0,0,https://admin.shopify.com/store/auracarat/products/9137657348353/variants/48708681957633
2026-08-06,,,48708681990401,Box Chain,ACTIVE,18K,0,0,0,https://admin.shopify.com/store/auracarat/products/9137657348353/variants/48708681990401
2026-08-06,,,48708682023169,Box Chain,ACTIVE,18K,0,0,0,https://admin.shopify.com/store/auracarat/products/9137657348353/variants/48708682023169
2026-08-06,,,48708682055937,Box Chain,ACTIVE,18K,0,0,0,https://admin.shopify.com/store/auracarat/products/9137657348353/variants/48708682055937
2026-08-06,,,48708682088705,Box Chain,ACTIVE,18K,0,0,0,https://admin.shopify.com/store/auracarat/products/9137657348353/variants/48708682088705
2026-08-06,,,50157093519617,Arya Lab Necklace,DRAFT,18K,0,0,0,https://admin.shopify.com/store/auracarat/products/9304694292737/variants/50157093519617
2026-08-06,,,50157093552385,Arya Lab Necklace,DRAFT,18K,0,0,0,https://admin.shopify.com/store/auracarat/products/9304694292737/variants/50157093552385
2026-08-06,,,50157093585153,Arya Lab Necklace,DRAFT,18K,0,0,0,https://admin.shopify.com/store/auracarat/products/9304694292737/variants/50157093585153
2026-08-06,,,50157093617921,Arya Lab Necklace,DRAFT,18K,0,0,0,https://admin.shopify.com/store/auracarat/products/9304694292737/variants/50157093617921
2026-08-06,,,50157093650689,Arya Lab Necklace,DRAFT,18K,0,0,0,https://admin.shopify.com/store/auracarat/products/9304694292737/variants/50157093650689
2026-08-06,,,50157093683457,Arya Lab Necklace,DRAFT,18K,0,0,0,https://admin.shopify.com/store/auracarat/products/9304694292737/variants/50157093683457
2026-08-06,,,50157093716225,Arya Lab Necklace,DRAFT,18K,0,0,0,https://admin.shopify.com/store/auracarat/products/9304694292737/variants/50157093716225
2026-08-06,,,50157093748993,Arya Lab Necklace,DRAFT,18K,0,0,0,https://admin.shopify.com/store/auracarat/products/9304694292737/variants/50157093748993
2026-08-06,,,50157093781761,Arya Lab Necklace,DRAFT,18K,0,0,0,https://admin.shopify.com/store/auracarat/products/9304694292737/variants/50157093781761
2026-08-06,,,50157093814529,Arya Lab Necklace,DRAFT,18K,0,0,0,https://admin.shopify.com/store/auracarat/products/9304694292737/variants/50157093814529
2026-08-06,,,50157093847297,Arya Lab Necklace,DRAFT,18K,0,0,0,https://admin.shopify.com/store/auracarat/products/9304694292737/variants/50157093847297
2026-08-06,,,50157093880065,Arya Lab Necklace,DRAFT,18K,0,0,0,https://admin.shopify.com/store/auracarat/products/9304694292737/variants/50157093880065
2026-08-06,,,50157093912833,Arya Lab Necklace,DRAFT,18K,0,0,0,https://admin.shopify.com/store/auracarat/products/9304694292737/variants/50157093912833
2026-08-06,,,50157093945601,Arya Lab Necklace,DRAFT,18K,0,0,0,https://admin.shopify.com/store/auracarat/products/9304694292737/variants/50157093945601
2026-08-06,,,50157093978369,Arya Lab Necklace,DRAFT,18K,0,0,0,https://admin.shopify.com/store/auracarat/products/9304694292737/variants/50157093978369
2026-08-06,,,50157094011137,Arya Lab Necklace,DRAFT,18K,0,0,0,https://admin.shopify.com/store/auracarat/products/9304694292737/variants/50157094011137
2026-08-06,,,50157094043905,Arya Lab Necklace,DRAFT,18K,0,0,0,https://admin.shopify.com/store/auracarat/products/9304694292737/variants/50157094043905
2026-08-06,,,50157094076673,Arya Lab Necklace,DRAFT,18K,0,0,0,https://admin.shopify.com/store/auracarat/products/9304694292737/variants/50157094076673
2026-08-06,,,50157094109441,Arya Lab Necklace,DRAFT,18K,0,0,0,https://admin.shopify.com/store/auracarat/products/9304694292737/variants/50157094109441
2026-08-06,,,50157094142209,Arya Lab Necklace,DRAFT,18K,0,0,0,https://admin.shopify.com/store/auracarat/products/9304694292737/variants/50157094142209
2026-08-06,,,50157094174977,Arya Lab Necklace,DRAFT,18K,0,0,0,https://admin.shopify.com/store/auracarat/products/9304694292737/variants/50157094174977
2026-08-06,,,50157094207745,Arya Lab Necklace,DRAFT,18K,0,0,0,https://admin.shopify.com/store/auracarat/products/9304694292737/variants/50157094207745
2026-08-06,,,50157094240513,Arya Lab Necklace,DRAFT,18K,0,0,0,https://admin.shopify.com/store/auracarat/products/9304694292737/variants/50157094240513
2026-08-06,,,50157094273281,Arya Lab Necklace,DRAFT,18K,0,0,0,https://admin.shopify.com/store/auracarat/products/9304694292737/variants/50157094273281
2026-08-06,,,50157094306049,Arya Lab Necklace,DRAFT,18K,0,0,0,https://admin.shopify.com/store/auracarat/products/9304694292737/variants/50157094306049
2026-08-06,,,50157094338817,Arya Lab Necklace,DRAFT,18K,0,0,0,https://admin.shopify.com/store/auracarat/products/9304694292737/variants/50157094338817
2026-08-06,,,50157094371585,Arya Lab Necklace,DRAFT,18K,0,0,0,https://admin.shopify.com/store/auracarat/products/9304694292737/variants/50157094371585
2026-08-06,,,50157094404353,Arya Lab Necklace,DRAFT,18K,0,0,0,https://admin.shopify.com/store/auracarat/products/9304694292737/variants/50157094404353
2026-08-06,,,50157094437121,Arya Lab Necklace,DRAFT,18K,0,0,0,https://admin.shopify.com/store/auracarat/products/9304694292737/variants/50157094437121
2026-08-06,,,50157094469889,Arya Lab Necklace,DRAFT,18K,0,0,0,https://admin.shopify.com/store/auracarat/products/9304694292737/variants/50157094469889
2026-08-06,,,50157094502657,Arabesque Elongated Cushion 1.04ct ring,DRAFT,18K,0,0,0,https://admin.shopify.com/store/auracarat/products/9304694325505/variants/50157094502657
2026-08-06,,,50157094535425,Arabesque Elongated Cushion 1.04ct ring,DRAFT,18K,0,0,0,https://admin.shopify.com/store/auracarat/products/9304694325505/variants/50157094535425
2026-08-06,,,50157094568193,Arabesque Elongated Cushion 1.04ct ring,DRAFT,18K,0,0,0,https://admin.shopify.com/store/auracarat/products/9304694325505/variants/50157094568193
2026-08-06,,,50157094600961,Arabesque Elongated Cushion 1.04ct ring,DRAFT,18K,0,0,0,https://admin.shopify.com/store/auracarat/products/9304694325505/variants/50157094600961
2026-08-06,,,50157094633729,Arabesque Elongated Cushion 1.04ct ring,DRAFT,18K,0,0,0,https://admin.shopify.com/store/auracarat/products/9304694325505/variants/50157094633729
2026-08-06,,,50157094666497,Arabesque Elongated Cushion 1.04ct ring,DRAFT,18K,0,0,0,https://admin.shopify.com/store/auracarat/products/9304694325505/variants/50157094666497
2026-08-06,,,50157094699265,Arabesque Elongated Cushion 1.04ct ring,DRAFT,18K,0,0,0,https://admin.shopify.com/store/auracarat/products/9304694325505/variants/50157094699265
2026-08-06,,,50157094732033,Arabesque Elongated Cushion 1.04ct ring,DRAFT,18K,0,0,0,https://admin.shopify.com/store/auracarat/products/9304694325505/variants/50157094732033
2026-08-06,,,50157094764801,Arabesque Elongated Cushion 1.04ct ring,DRAFT,18K,0,0,0,https://admin.shopify.com/store/auracarat/products/9304694325505/variants/50157094764801
2026-08-06,,,50157094797569,Arabesque Elongated Cushion 1.04ct ring,DRAFT,18K,0,0,0,https://admin.shopify.com/store/auracarat/products/9304694325505/variants/50157094797569
2026-08-06,,,50157094830337,Arabesque Elongated Cushion 1.04ct ring,DRAFT,18K,0,0,0,https://admin.shopify.com/store/auracarat/products/9304694325505/variants/50157094830337
2026-08-06,,,50157094863105,Arabesque Elongated Cushion 1.04ct ring,DRAFT,18K,0,0,0,https://admin.shopify.com/store/auracarat/products/9304694325505/variants/50157094863105
2026-08-06,,,50157094895873,Arabesque Elongated Cushion 1.04ct ring,DRAFT,18K,0,0,0,https://admin.shopify.com/store/auracarat/products/9304694325505/variants/50157094895873
2026-08-06,,,50157094928641,Arabesque Elongated Cushion 1.04ct ring,DRAFT,18K,0,0,0,https://admin.shopify.com/store/auracarat/products/9304694325505/variants/50157094928641
2026-08-06,,,50157094961409,Arabesque Elongated Cushion 1.04ct ring,DRAFT,18K,0,0,0,https://admin.shopify.com/store/auracarat/products/9304694325505/variants/50157094961409
2026-08-06,,,50157094994177,Arabesque Elongated Cushion 1.04ct ring,DRAFT,18K,0,0,0,https://admin.shopify.com/store/auracarat/products/9304694325505/variants/50157094994177
2026-08-06,,,50157095026945,Arabesque Elongated Cushion 1.04ct ring,DRAFT,18K,0,0,0,https://admin.shopify.com/store/auracarat/products/9304694325505/variants/50157095026945
2026-08-06,,,50157095059713,Arabesque Elongated Cushion 1.04ct ring,DRAFT,18K,0,0,0,https://admin.shopify.com/store/auracarat/products/9304694325505/variants/50157095059713
2026-08-06,,,50157095092481,Arabesque Elongated Cushion 1.04ct ring,DRAFT,18K,0,0,0,https://admin.shopify.com/store/auracarat/products/9304694325505/variants/50157095092481
2026-08-06,,,50157095125249,Arabesque Elongated Cushion 1.04ct ring,DRAFT,18K,0,0,0,https://admin.shopify.com/store/auracarat/products/9304694325505/variants/50157095125249
2026-08-06,,,50157095158017,Arabesque Elongated Cushion 1.04ct ring,DRAFT,18K,0,0,0,https://admin.shopify.com/store/auracarat/products/9304694325505/variants/50157095158017
2026-08-06,,,50157095190785,Arabesque Elongated Cushion 1.04ct ring,DRAFT,18K,0,0,0,https://admin.shopify.com/store/auracarat/products/9304694325505/variants/50157095190785
2026-08-06,,,50157095223553,Arabesque Elongated Cushion 1.04ct ring,DRAFT,18K,0,0,0,https://admin.shopify.com/store/auracarat/products/9304694325505/variants/50157095223553
2026-08-06,,,50157095256321,Arabesque Elongated Cushion 1.04ct ring,DRAFT,18K,0,0,0,https://admin.shopify.com/store/auracarat/products/9304694325505/variants/50157095256321
2026-08-06,,,50157095289089,Arabesque Elongated Cushion 1.04ct ring,DRAFT,18K,0,0,0,https://admin.shopify.com/store/auracarat/products/9304694325505/variants/50157095289089
2026-08-06,,,50157095321857,Arabesque Elongated Cushion 1.04ct ring,DRAFT,18K,0,0,0,https://admin.shopify.com/store/auracarat/products/9304694325505/variants/50157095321857
2026-08-06,,,50157095354625,Arabesque Elongated Cushion 1.04ct ring,DRAFT,18K,0,0,0,https://admin.shopify.com/store/auracarat/products/9304694325505/variants/50157095354625
2026-08-06,,,50157095387393,Arabesque Elongated Cushion 1.04ct ring,DRAFT,18K,0,0,0,https://admin.shopify.com/store/auracarat/products/9304694325505/variants/50157095387393
2026-08-06,,,50157095420161,Arabesque Elongated Cushion 1.04ct ring,DRAFT,18K,0,0,0,https://admin.shopify.com/store/auracarat/products/9304694325505/variants/50157095420161
2026-08-06,,,50157095452929,Arabesque Elongated Cushion 1.04ct ring,DRAFT,18K,0,0,0,https://admin.shopify.com/store/auracarat/products/9304694325505/variants/50157095452929
2026-08-06,,,50157095485697,Arabesque Elongated Cushion 1.04ct ring,DRAFT,18K,0,0,0,https://admin.shopify.com/store/auracarat/products/9304694325505/variants/50157095485697
2026-08-06,,,50157095518465,Arabesque Elongated Cushion 1.04ct ring,DRAFT,18K,0,0,0,https://admin.shopify.com/store/auracarat/products/9304694325505/variants/50157095518465
2026-08-06,,,50157095551233,Arabesque Elongated Cushion 1.04ct ring,DRAFT,18K,0,0,0,https://admin.shopify.com/store/auracarat/products/9304694325505/variants/50157095551233
2026-08-06,,,50157095584001,Arabesque Elongated Cushion 1.04ct ring,DRAFT,18K,0,0,0,https://admin.shopify.com/store/auracarat/products/9304694325505/variants/50157095584001
2026-08-06,,,50157095616769,Arabesque Elongated Cushion 1.04ct ring,DRAFT,18K,0,0,0,https://admin.shopify.com/store/auracarat/products/9304694325505/variants/50157095616769
2026-08-06,,,50157095649537,Arabesque Elongated Cushion 1.04ct ring,DRAFT,18K,0,0,0,https://admin.shopify.com/store/auracarat/products/9304694325505/variants/50157095649537
2026-08-06,,,50157095682305,Arabesque Elongated Cushion 1.04ct ring,DRAFT,18K,0,0,0,https://admin.shopify.com/store/auracarat/products/9304694325505/variants/50157095682305
2026-08-06,,,50157095715073,Arabesque Elongated Cushion 1.04ct ring,DRAFT,18K,0,0,0,https://admin.shopify.com/store/auracarat/products/9304694325505/variants/50157095715073
2026-08-06,,,50157095747841,Arabesque Elongated Cushion 1.04ct ring,DRAFT,18K,0,0,0,https://admin.shopify.com/store/auracarat/products/9304694325505/variants/50157095747841
2026-08-06,,,50157095780609,Arabesque Elongated Cushion 1.04ct ring,DRAFT,18K,0,0,0,https://admin.shopify.com/store/auracarat/products/9304694325505/variants/50157095780609
2026-08-06,,,50157095813377,Arabesque Elongated Cushion 1.04ct ring,DRAFT,18K,0,0,0,https://admin.shopify.com/store/auracarat/products/9304694325505/variants/50157095813377
2026-08-06,,,50157095846145,Arabesque Elongated Cushion 1.04ct ring,DRAFT,18K,0,0,0,https://admin.shopify.com/store/auracarat/products/9304694325505/variants/50157095846145
2026-08-06,,,50157095878913,Arabesque Elongated Cushion 1.04ct ring,DRAFT,18K,0,0,0,https://admin.shopify.com/store/auracarat/products/9304694325505/variants/50157095878913
2026-08-06,,,50157095911681,Arabesque Elongated Cushion 1.04ct ring,DRAFT,18K,0,0,0,https://admin.shopify.com/store/auracarat/products/9304694325505/variants/50157095911681
2026-08-06,,,50157095944449,Arabesque Elongated Cushion 1.04ct ring,DRAFT,18K,0,0,0,https://admin.shopify.com/store/auracarat/products/9304694325505/variants/50157095944449
2026-08-06,,,50157095977217,Arabesque Elongated Cushion 1.04ct ring,DRAFT,18K,0,0,0,https://admin.shopify.com/store/auracarat/products/9304694325505/variants/50157095977217
2026-08-06,,,50157096009985,Arabesque Elongated Cushion 1.04ct ring,DRAFT,18K,0,0,0,https://admin.shopify.com/store/auracarat/products/9304694325505/variants/50157096009985
2026-08-06,,,50157096042753,Arabesque Elongated Cushion 1.04ct ring,DRAFT,18K,0,0,0,https://admin.shopify.com/store/auracarat/products/9304694325505/variants/50157096042753
2026-08-06,,,50157096075521,Arabesque Elongated Cushion 1.04ct ring,DRAFT,18K,0,0,0,https://admin.shopify.com/store/auracarat/products/9304694325505/variants/50157096075521
2026-08-06,,,50157096108289,Arabesque Elongated Cushion 1.04ct ring,DRAFT,18K,0,0,0,https://admin.shopify.com/store/auracarat/products/9304694325505/variants/50157096108289
2026-08-06,,,50157096141057,Arabesque Elongated Cushion 1.04ct ring,DRAFT,18K,0,0,0,https://admin.shopify.com/store/auracarat/products/9304694325505/variants/50157096141057
2026-08-06,,,50157096173825,Arabesque Elongated Cushion 1.04ct ring,DRAFT,18K,0,0,0,https://admin.shopify.com/store/auracarat/products/9304694325505/variants/50157096173825
2026-08-06,,,50157096206593,Arabesque Elongated Cushion 1.04ct ring,DRAFT,18K,0,0,0,https://admin.shopify.com/store/auracarat/products/9304694325505/variants/50157096206593
2026-08-06,,,50157096239361,Arabesque Elongated Cushion 1.04ct ring,DRAFT,18K,0,0,0,https://admin.shopify.com/store/auracarat/products/9304694325505/variants/50157096239361
2026-08-06,,,50157096272129,Arabesque Elongated Cushion 1.04ct ring,DRAFT,18K,0,0,0,https://admin.shopify.com/store/auracarat/products/9304694325505/variants/50157096272129
2026-08-06,,,50157096304897,Arabesque Elongated Cushion 1.04ct ring,DRAFT,18K,0,0,0,https://admin.shopify.com/store/auracarat/products/9304694325505/variants/50157096304897
2026-08-06,,,50157096337665,Arabesque Elongated Cushion 1.04ct ring,DRAFT,18K,0,0,0,https://admin.shopify.com/store/auracarat/products/9304694325505/variants/50157096337665
2026-08-06,,,50157096370433,Arabesque Elongated Cushion 1.04ct ring,DRAFT,18K,0,0,0,https://admin.shopify.com/store/auracarat/products/9304694325505/variants/50157096370433
2026-08-06,,,50157096403201,Arabesque Elongated Cushion 1.04ct ring,DRAFT,18K,0,0,0,https://admin.shopify.com/store/auracarat/products/9304694325505/variants/50157096403201
2026-08-06,,,50157096435969,Arabesque Elongated Cushion 1.04ct ring,DRAFT,18K,0,0,0,https://admin.shopify.com/store/auracarat/products/9304694325505/variants/50157096435969
2026-08-06,,,50157096468737,Arabesque Elongated Cushion 1.04ct ring,DRAFT,18K,0,0,0,https://admin.shopify.com/store/auracarat/products/9304694325505/variants/50157096468737
2026-08-06,,,50157096501505,Arabesque Elongated Cushion 1.04ct ring,DRAFT,18K,0,0,0,https://admin.shopify.com/store/auracarat/products/9304694325505/variants/50157096501505
2026-08-06,,,50157096534273,Arabesque Elongated Cushion 1.04ct ring,DRAFT,18K,0,0,0,https://admin.shopify.com/store/auracarat/products/9304694325505/variants/50157096534273
2026-08-06,,,50157096567041,Arabesque Elongated Cushion 1.04ct ring,DRAFT,18K,0,0,0,https://admin.shopify.com/store/auracarat/products/9304694325505/variants/50157096567041
2026-08-06,,,50157096599809,Arabesque Elongated Cushion 1.04ct ring,DRAFT,18K,0,0,0,https://admin.shopify.com/store/auracarat/products/9304694325505/variants/50157096599809
2026-08-06,,,50157096632577,Arabesque Elongated Cushion 1.04ct ring,DRAFT,18K,0,0,0,https://admin.shopify.com/store/auracarat/products/9304694325505/variants/50157096632577
2026-08-06,,,50157096665345,Iconic trio Ring,DRAFT,18K,0,0,0,https://admin.shopify.com/store/auracarat/products/9304694358273/variants/50157096665345
2026-08-06,,,50157096698113,Iconic trio Ring,DRAFT,18K,0,0,0,https://admin.shopify.com/store/auracarat/products/9304694358273/variants/50157096698113
2026-08-06,,,50157096730881,Iconic trio Ring,DRAFT,18K,0,0,0,https://admin.shopify.com/store/auracarat/products/9304694358273/variants/50157096730881
2026-08-06,,,50157096763649,Iconic trio Ring,DRAFT,18K,0,0,0,https://admin.shopify.com/store/auracarat/products/9304694358273/variants/50157096763649
2026-08-06,,,50157096796417,Iconic trio Ring,DRAFT,18K,0,0,0,https://admin.shopify.com/store/auracarat/products/9304694358273/variants/50157096796417
2026-08-06,,,50157096829185,Iconic trio Ring,DRAFT,18K,0,0,0,https://admin.shopify.com/store/auracarat/products/9304694358273/variants/50157096829185
2026-08-06,,,50157096861953,Iconic trio Ring,DRAFT,18K,0,0,0,https://admin.shopify.com/store/auracarat/products/9304694358273/variants/50157096861953
2026-08-06,,,50157096894721,Iconic trio Ring,DRAFT,18K,0,0,0,https://admin.shopify.com/store/auracarat/products/9304694358273/variants/50157096894721
2026-08-06,,,50157096927489,Iconic trio Ring,DRAFT,18K,0,0,0,https://admin.shopify.com/store/auracarat/products/9304694358273/variants/50157096927489
2026-08-06,,,50157096960257,Iconic trio Ring,DRAFT,18K,0,0,0,https://admin.shopify.com/store/auracarat/products/9304694358273/variants/50157096960257
2026-08-06,,,50157096993025,Iconic trio Ring,DRAFT,18K,0,0,0,https://admin.shopify.com/store/auracarat/products/9304694358273/variants/50157096993025
2026-08-06,,,50157097025793,Iconic trio Ring,DRAFT,18K,0,0,0,https://admin.shopify.com/store/auracarat/products/9304694358273/variants/50157097025793
2026-08-06,,,50157097058561,Iconic trio Ring,DRAFT,18K,0,0,0,https://admin.shopify.com/store/auracarat/products/9304694358273/variants/50157097058561
2026-08-06,,,50157097091329,Iconic trio Ring,DRAFT,18K,0,0,0,https://admin.shopify.com/store/auracarat/products/9304694358273/variants/50157097091329
2026-08-06,,,50157097124097,Iconic trio Ring,DRAFT,18K,0,0,0,https://admin.shopify.com/store/auracarat/products/9304694358273/variants/50157097124097
2026-08-06,,,50157097156865,Iconic trio Ring,DRAFT,18K,0,0,0,https://admin.shopify.com/store/auracarat/products/9304694358273/variants/50157097156865
2026-08-06,,,50157097189633,Iconic trio Ring,DRAFT,18K,0,0,0,https://admin.shopify.com/store/auracarat/products/9304694358273/variants/50157097189633
2026-08-06,,,50157097222401,Iconic trio Ring,DRAFT,18K,0,0,0,https://admin.shopify.com/store/auracarat/products/9304694358273/variants/50157097222401
2026-08-06,,,50157097255169,Iconic trio Ring,DRAFT,18K,0,0,0,https://admin.shopify.com/store/auracarat/products/9304694358273/variants/50157097255169
2026-08-06,,,50157097287937,Iconic trio Ring,DRAFT,18K,0,0,0,https://admin.shopify.com/store/auracarat/products/9304694358273/variants/50157097287937
2026-08-06,,,50157097320705,Iconic trio Ring,DRAFT,18K,0,0,0,https://admin.shopify.com/store/auracarat/products/9304694358273/variants/50157097320705
2026-08-06,,,50157097353473,Iconic trio Ring,DRAFT,18K,0,0,0,https://admin.shopify.com/store/auracarat/products/9304694358273/variants/50157097353473
2026-08-06,,,50157097386241,Iconic trio Ring,DRAFT,18K,0,0,0,https://admin.shopify.com/store/auracarat/products/9304694358273/variants/50157097386241
2026-08-06,,,50157097419009,Iconic trio Ring,DRAFT,18K,0,0,0,https://admin.shopify.com/store/auracarat/products/9304694358273/variants/50157097419009
2026-08-06,,,50157097451777,Iconic trio Ring,DRAFT,18K,0,0,0,https://admin.shopify.com/store/auracarat/products/9304694358273/variants/50157097451777
2026-08-06,,,50157097484545,Iconic trio Ring,DRAFT,18K,0,0,0,https://admin.shopify.com/store/auracarat/products/9304694358273/variants/50157097484545
2026-08-06,,,50157097517313,Iconic trio Ring,DRAFT,18K,0,0,0,https://admin.shopify.com/store/auracarat/products/9304694358273/variants/50157097517313
2026-08-06,,,50157097550081,Iconic trio Ring,DRAFT,18K,0,0,0,https://admin.shopify.com/store/auracarat/products/9304694358273/variants/50157097550081
2026-08-06,,,50157097582849,Iconic trio Ring,DRAFT,18K,0,0,0,https://admin.shopify.com/store/auracarat/products/9304694358273/variants/50157097582849
2026-08-06,,,50157097615617,Iconic trio Ring,DRAFT,18K,0,0,0,https://admin.shopify.com/store/auracarat/products/9304694358273/variants/50157097615617
2026-08-06,,,50157097648385,Iconic trio Ring,DRAFT,18K,0,0,0,https://admin.shopify.com/store/auracarat/products/9304694358273/variants/50157097648385
2026-08-06,,,50157097681153,Iconic trio Ring,DRAFT,18K,0,0,0,https://admin.shopify.com/store/auracarat/products/9304694358273/variants/50157097681153
2026-08-06,,,50157097713921,Iconic trio Ring,DRAFT,18K,0,0,0,https://admin.shopify.com/store/auracarat/products/9304694358273/variants/50157097713921
2026-08-06,,,50157097746689,Iconic trio Ring,DRAFT,18K,0,0,0,https://admin.shopify.com/store/auracarat/products/9304694358273/variants/50157097746689
2026-08-06,,,50157097779457,Iconic trio Ring,DRAFT,18K,0,0,0,https://admin.shopify.com/store/auracarat/products/9304694358273/variants/50157097779457
2026-08-06,,,50157097812225,Iconic trio Ring,DRAFT,18K,0,0,0,https://admin.shopify.com/store/auracarat/products/9304694358273/variants/50157097812225
2026-08-06,,,50157097844993,Iconic trio Ring,DRAFT,18K,0,0,0,https://admin.shopify.com/store/auracarat/products/9304694358273/variants/50157097844993
2026-08-06,,,50157097877761,Iconic trio Ring,DRAFT,18K,0,0,0,https://admin.shopify.com/store/auracarat/products/9304694358273/variants/50157097877761
2026-08-06,,,50157097910529,Iconic trio Ring,DRAFT,18K,0,0,0,https://admin.shopify.com/store/auracarat/products/9304694358273/variants/50157097910529
2026-08-06,,,50157097943297,Iconic trio Ring,DRAFT,18K,0,0,0,https://admin.shopify.com/store/auracarat/products/9304694358273/variants/50157097943297
2026-08-06,,,50157097976065,Iconic trio Ring,DRAFT,18K,0,0,0,https://admin.shopify.com/store/auracarat/products/9304694358273/variants/50157097976065
2026-08-06,,,50157098008833,Iconic trio Ring,DRAFT,18K,0,0,0,https://admin.shopify.com/store/auracarat/products/9304694358273/variants/50157098008833
2026-08-06,,,50157098041601,Iconic trio Ring,DRAFT,18K,0,0,0,https://admin.shopify.com/store/auracarat/products/9304694358273/variants/50157098041601
2026-08-06,,,50157098074369,Iconic trio Ring,DRAFT,18K,0,0,0,https://admin.shopify.com/store/auracarat/products/9304694358273/variants/50157098074369
2026-08-06,,,50157098107137,Iconic trio Ring,DRAFT,18K,0,0,0,https://admin.shopify.com/store/auracarat/products/9304694358273/variants/50157098107137
2026-08-06,,,50157098139905,Iconic trio Ring,DRAFT,18K,0,0,0,https://admin.shopify.com/store/auracarat/products/9304694358273/variants/50157098139905
2026-08-06,,,50157098172673,Iconic trio Ring,DRAFT,18K,0,0,0,https://admin.shopify.com/store/auracarat/products/9304694358273/variants/50157098172673
2026-08-06,,,50157098205441,Iconic trio Ring,DRAFT,18K,0,0,0,https://admin.shopify.com/store/auracarat/products/9304694358273/variants/50157098205441
2026-08-06,,,50157098238209,Iconic trio Ring,DRAFT,18K,0,0,0,https://admin.shopify.com/store/auracarat/products/9304694358273/variants/50157098238209
2026-08-06,,,50157098270977,Iconic trio Ring,DRAFT,18K,0,0,0,https://admin.shopify.com/store/auracarat/products/9304694358273/variants/50157098270977
2026-08-06,,,50157098303745,Iconic trio Ring,DRAFT,18K,0,0,0,https://admin.shopify.com/store/auracarat/products/9304694358273/variants/50157098303745
2026-08-06,,,50157098336513,Iconic trio Ring,DRAFT,18K,0,0,0,https://admin.shopify.com/store/auracarat/products/9304694358273/variants/50157098336513
2026-08-06,,,50157098369281,Iconic trio Ring,DRAFT,18K,0,0,0,https://admin.shopify.com/store/auracarat/products/9304694358273/variants/50157098369281
2026-08-06,,,50157098402049,Iconic trio Ring,DRAFT,18K,0,0,0,https://admin.shopify.com/store/auracarat/products/9304694358273/variants/50157098402049
2026-08-06,,,50157098434817,Iconic trio Ring,DRAFT,18K,0,0,0,https://admin.shopify.com/store/auracarat/products/9304694358273/variants/50157098434817
2026-08-06,,,50157098467585,Iconic trio Ring,DRAFT,18K,0,0,0,https://admin.shopify.com/store/auracarat/products/9304694358273/variants/50157098467585
2026-08-06,,,50157098500353,Iconic trio Ring,DRAFT,18K,0,0,0,https://admin.shopify.com/store/auracarat/products/9304694358273/variants/50157098500353
2026-08-06,,,50157098533121,Iconic trio Ring,DRAFT,18K,0,0,0,https://admin.shopify.com/store/auracarat/products/9304694358273/variants/50157098533121
2026-08-06,,,50157098565889,Iconic trio Ring,DRAFT,18K,0,0,0,https://admin.shopify.com/store/auracarat/products/9304694358273/variants/50157098565889
2026-08-06,,,50157098598657,Iconic trio Ring,DRAFT,18K,0,0,0,https://admin.shopify.com/store/auracarat/products/9304694358273/variants/50157098598657
2026-08-06,,,50157098631425,Iconic trio Ring,DRAFT,18K,0,0,0,https://admin.shopify.com/store/auracarat/products/9304694358273/variants/50157098631425
2026-08-06,,,50157098664193,Iconic trio Ring,DRAFT,18K,0,0,0,https://admin.shopify.com/store/auracarat/products/9304694358273/variants/50157098664193
2026-08-06,,,50157098696961,Iconic trio Ring,DRAFT,18K,0,0,0,https://admin.shopify.com/store/auracarat/products/9304694358273/variants/50157098696961
2026-08-06,,,50157098729729,Iconic trio Ring,DRAFT,18K,0,0,0,https://admin.shopify.com/store/auracarat/products/9304694358273/variants/50157098729729
2026-08-06,,,50157098762497,Iconic trio Ring,DRAFT,18K,0,0,0,https://admin.shopify.com/store/auracarat/products/9304694358273/variants/50157098762497
2026-08-06,,,50157098795265,Iconic trio Ring,DRAFT,18K,0,0,0,https://admin.shopify.com/store/auracarat/products/9304694358273/variants/50157098795265
2026-08-06,,,50157321912577,Sheen Pear Earring,DRAFT,18K,0,0,0,https://admin.shopify.com/store/auracarat/products/9121802617089/variants/50157321912577
2026-08-06,,,50157321945345,Sheen Pear Earring,DRAFT,18K,0,0,0,https://admin.shopify.com/store/auracarat/products/9121802617089/variants/50157321945345
2026-08-06,,,50157321978113,Sheen Pear Earring,DRAFT,18K,0,0,0,https://admin.shopify.com/store/auracarat/products/9121802617089/variants/50157321978113
2026-08-06,,,50157322010881,Sheen Pear Earring,DRAFT,18K,0,0,0,https://admin.shopify.com/store/auracarat/products/9121802617089/variants/50157322010881
2026-08-06,,,50157322043649,Sheen Pear Earring,DRAFT,18K,0,0,0,https://admin.shopify.com/store/auracarat/products/9121802617089/variants/50157322043649
2026-08-06,,,50157322076417,Sheen Pear Earring,DRAFT,18K,0,0,0,https://admin.shopify.com/store/auracarat/products/9121802617089/variants/50157322076417
2026-08-06,,,50157322305793,Birch Pendant,DRAFT,18K,0,0,0,https://admin.shopify.com/store/auracarat/products/9121812152577/variants/50157322305793
2026-08-06,,,50157322338561,Birch Pendant,DRAFT,18K,0,0,0,https://admin.shopify.com/store/auracarat/products/9121812152577/variants/50157322338561
2026-08-06,,,50157322371329,Birch Pendant,DRAFT,18K,0,0,0,https://admin.shopify.com/store/auracarat/products/9121812152577/variants/50157322371329
2026-08-06,,,50157322404097,Birch Pendant,DRAFT,18K,0,0,0,https://admin.shopify.com/store/auracarat/products/9121812152577/variants/50157322404097
2026-08-06,,,50157322436865,Birch Pendant,DRAFT,18K,0,0,0,https://admin.shopify.com/store/auracarat/products/9121812152577/variants/50157322436865
2026-08-06,,,50157322469633,Birch Pendant,DRAFT,18K,0,0,0,https://admin.shopify.com/store/auracarat/products/9121812152577/variants/50157322469633
2026-08-06,,,50157322502401,Titan Peak Band,DRAFT,18K,0,0,0,https://admin.shopify.com/store/auracarat/products/9121815953665/variants/50157322502401
2026-08-06,,,50157322535169,Titan Peak Band,DRAFT,18K,0,0,0,https://admin.shopify.com/store/auracarat/products/9121815953665/variants/50157322535169
2026-08-06,,,50157322567937,Titan Peak Band,DRAFT,18K,0,0,0,https://admin.shopify.com/store/auracarat/products/9121815953665/variants/50157322567937
2026-08-06,,,50157322600705,Titan Peak Band,DRAFT,18K,0,0,0,https://admin.shopify.com/store/auracarat/products/9121815953665/variants/50157322600705
2026-08-06,,,50157322633473,Titan Peak Band,DRAFT,18K,0,0,0,https://admin.shopify.com/store/auracarat/products/9121815953665/variants/50157322633473
2026-08-06,,,50157322666241,Titan Peak Band,DRAFT,18K,0,0,0,https://admin.shopify.com/store/auracarat/products/9121815953665/variants/50157322666241
2026-08-06,,,50157322699009,Titan Peak Band,DRAFT,18K,0,0,0,https://admin.shopify.com/store/auracarat/products/9121815953665/variants/50157322699009
2026-08-06,,,50157322731777,Titan Peak Band,DRAFT,18K,0,0,0,https://admin.shopify.com/store/auracarat/products/9121815953665/variants/50157322731777
2026-08-06,,,50157322764545,Titan Peak Band,DRAFT,18K,0,0,0,https://admin.shopify.com/store/auracarat/products/9121815953665/variants/50157322764545
2026-08-06,,,50157322797313,Titan Peak Band,DRAFT,18K,0,0,0,https://admin.shopify.com/store/auracarat/products/9121815953665/variants/50157322797313
2026-08-06,,,50157322830081,Titan Peak Band,DRAFT,18K,0,0,0,https://admin.shopify.com/store/auracarat/products/9121815953665/variants/50157322830081
2026-08-06,,,50157322862849,Titan Peak Band,DRAFT,18K,0,0,0,https://admin.shopify.com/store/auracarat/products/9121815953665/variants/50157322862849
2026-08-06,,,50157322895617,Titan Peak Band,DRAFT,18K,0,0,0,https://admin.shopify.com/store/auracarat/products/9121815953665/variants/50157322895617
2026-08-06,,,50157322928385,Titan Peak Band,DRAFT,18K,0,0,0,https://admin.shopify.com/store/auracarat/products/9121815953665/variants/50157322928385
2026-08-06,,,50157322961153,Titan Peak Band,DRAFT,18K,0,0,0,https://admin.shopify.com/store/auracarat/products/9121815953665/variants/50157322961153
2026-08-06,,,50157322993921,Titan Peak Band,DRAFT,18K,0,0,0,https://admin.shopify.com/store/auracarat/products/9121815953665/variants/50157322993921
2026-08-06,,,50157323026689,Titan Peak Band,DRAFT,18K,0,0,0,https://admin.shopify.com/store/auracarat/products/9121815953665/variants/50157323026689
2026-08-06,,,50157323059457,Titan Peak Band,DRAFT,18K,0,0,0,https://admin.shopify.com/store/auracarat/products/9121815953665/variants/50157323059457
2026-08-06,,,50157323092225,Titan Peak Band,DRAFT,18K,0,0,0,https://admin.shopify.com/store/auracarat/products/9121815953665/variants/50157323092225
2026-08-06,,,50157323124993,Titan Peak Band,DRAFT,18K,0,0,0,https://admin.shopify.com/store/auracarat/products/9121815953665/variants/50157323124993
2026-08-06,,,50157323157761,Titan Peak Band,DRAFT,18K,0,0,0,https://admin.shopify.com/store/auracarat/products/9121815953665/variants/50157323157761
2026-08-06,,,50157323190529,Titan Peak Band,DRAFT,18K,0,0,0,https://admin.shopify.com/store/auracarat/products/9121815953665/variants/50157323190529
2026-08-06,,,50157323223297,Titan Peak Band,DRAFT,18K,0,0,0,https://admin.shopify.com/store/auracarat/products/9121815953665/variants/50157323223297
2026-08-06,,,50157323256065,Titan Peak Band,DRAFT,18K,0,0,0,https://admin.shopify.com/store/auracarat/products/9121815953665/variants/50157323256065
2026-08-06,,,50157323288833,Titan Peak Band,DRAFT,18K,0,0,0,https://admin.shopify.com/store/auracarat/products/9121815953665/variants/50157323288833
2026-08-06,,,50157323321601,Titan Peak Band,DRAFT,18K,0,0,0,https://admin.shopify.com/store/auracarat/products/9121815953665/variants/50157323321601
2026-08-06,,,50157323354369,Titan Peak Band,DRAFT,18K,0,0,0,https://admin.shopify.com/store/auracarat/products/9121815953665/variants/50157323354369
2026-08-06,,,50157323387137,Titan Peak Band,DRAFT,18K,0,0,0,https://admin.shopify.com/store/auracarat/products/9121815953665/variants/50157323387137
2026-08-06,,,50157323419905,Titan Peak Band,DRAFT,18K,0,0,0,https://admin.shopify.com/store/auracarat/products/9121815953665/variants/50157323419905
2026-08-06,,,50157323452673,Titan Peak Band,DRAFT,18K,0,0,0,https://admin.shopify.com/store/auracarat/products/9121815953665/variants/50157323452673
2026-08-06,,,50157323485441,Titan Peak Band,DRAFT,18K,0,0,0,https://admin.shopify.com/store/auracarat/products/9121815953665/variants/50157323485441
2026-08-06,,,50157323518209,Titan Peak Band,DRAFT,18K,0,0,0,https://admin.shopify.com/store/auracarat/products/9121815953665/variants/50157323518209
2026-08-06,,,50157323550977,Titan Peak Band,DRAFT,18K,0,0,0,https://admin.shopify.com/store/auracarat/products/9121815953665/variants/50157323550977
2026-08-06,,,50157323583745,Titan Peak Band,DRAFT,18K,0,0,0,https://admin.shopify.com/store/auracarat/products/9121815953665/variants/50157323583745
2026-08-06,,,50157323616513,Titan Peak Band,DRAFT,18K,0,0,0,https://admin.shopify.com/store/auracarat/products/9121815953665/variants/50157323616513
2026-08-06,,,50157323649281,Titan Peak Band,DRAFT,18K,0,0,0,https://admin.shopify.com/store/auracarat/products/9121815953665/variants/50157323649281
2026-08-06,,,50157323682049,Titan Peak Band,DRAFT,18K,0,0,0,https://admin.shopify.com/store/auracarat/products/9121815953665/variants/50157323682049
2026-08-06,,,50157323714817,Titan Peak Band,DRAFT,18K,0,0,0,https://admin.shopify.com/store/auracarat/products/9121815953665/variants/50157323714817
2026-08-06,,,50157323747585,Titan Peak Band,DRAFT,18K,0,0,0,https://admin.shopify.com/store/auracarat/products/9121815953665/variants/50157323747585
2026-08-06,,,50157323780353,Titan Peak Band,DRAFT,18K,0,0,0,https://admin.shopify.com/store/auracarat/products/9121815953665/variants/50157323780353
2026-08-06,,,50157323813121,Titan Peak Band,DRAFT,18K,0,0,0,https://admin.shopify.com/store/auracarat/products/9121815953665/variants/50157323813121
2026-08-06,,,50157323845889,Titan Peak Band,DRAFT,18K,0,0,0,https://admin.shopify.com/store/auracarat/products/9121815953665/variants/50157323845889
2026-08-06,,,50157323878657,Titan Peak Band,DRAFT,18K,0,0,0,https://admin.shopify.com/store/auracarat/products/9121815953665/variants/50157323878657
2026-08-06,,,50157323911425,Titan Peak Band,DRAFT,18K,0,0,0,https://admin.shopify.com/store/auracarat/products/9121815953665/variants/50157323911425
2026-08-06,,,50157323944193,Titan Peak Band,DRAFT,18K,0,0,0,https://admin.shopify.com/store/auracarat/products/9121815953665/variants/50157323944193
2026-08-06,,,50157323976961,Titan Peak Band,DRAFT,18K,0,0,0,https://admin.shopify.com/store/auracarat/products/9121815953665/variants/50157323976961
2026-08-06,,,50157324009729,Titan Peak Band,DRAFT,18K,0,0,0,https://admin.shopify.com/store/auracarat/products/9121815953665/variants/50157324009729
2026-08-06,,,50157324042497,Titan Peak Band,DRAFT,18K,0,0,0,https://admin.shopify.com/store/auracarat/products/9121815953665/variants/50157324042497
2026-08-06,,,50157324075265,Titan Peak Band,DRAFT,18K,0,0,0,https://admin.shopify.com/store/auracarat/products/9121815953665/variants/50157324075265
2026-08-06,,,50157324108033,Titan Peak Band,DRAFT,18K,0,0,0,https://admin.shopify.com/store/auracarat/products/9121815953665/variants/50157324108033
2026-08-06,,,50157324140801,Titan Peak Band,DRAFT,18K,0,0,0,https://admin.shopify.com/store/auracarat/products/9121815953665/variants/50157324140801
2026-08-06,,,50157324173569,Titan Peak Band,DRAFT,18K,0,0,0,https://admin.shopify.com/store/auracarat/products/9121815953665/variants/50157324173569
2026-08-06,,,50157324206337,Titan Peak Band,DRAFT,18K,0,0,0,https://admin.shopify.com/store/auracarat/products/9121815953665/variants/50157324206337
2026-08-06,,,50157324239105,Titan Peak Band,DRAFT,18K,0,0,0,https://admin.shopify.com/store/auracarat/products/9121815953665/variants/50157324239105
2026-08-06,,,50157324271873,Titan Peak Band,DRAFT,18K,0,0,0,https://admin.shopify.com/store/auracarat/products/9121815953665/variants/50157324271873
2026-08-06,,,50157324304641,Titan Peak Band,DRAFT,18K,0,0,0,https://admin.shopify.com/store/auracarat/products/9121815953665/variants/50157324304641
2026-08-06,,,50157324337409,Titan Peak Band,DRAFT,18K,0,0,0,https://admin.shopify.com/store/auracarat/products/9121815953665/variants/50157324337409
2026-08-06,,,50157324370177,Titan Peak Band,DRAFT,18K,0,0,0,https://admin.shopify.com/store/auracarat/products/9121815953665/variants/50157324370177
2026-08-06,,,50157324402945,Titan Peak Band,DRAFT,18K,0,0,0,https://admin.shopify.com/store/auracarat/products/9121815953665/variants/50157324402945
2026-08-06,,,50157324435713,Titan Peak Band,DRAFT,18K,0,0,0,https://admin.shopify.com/store/auracarat/products/9121815953665/variants/50157324435713
2026-08-06,,,50157324468481,Titan Peak Band,DRAFT,18K,0,0,0,https://admin.shopify.com/store/auracarat/products/9121815953665/variants/50157324468481
2026-08-06,,,50157324501249,Titan Peak Band,DRAFT,18K,0,0,0,https://admin.shopify.com/store/auracarat/products/9121815953665/variants/50157324501249
2026-08-06,,,50157324534017,Titan Peak Band,DRAFT,18K,0,0,0,https://admin.shopify.com/store/auracarat/products/9121815953665/variants/50157324534017
2026-08-06,,,50157324566785,Titan Peak Band,DRAFT,18K,0,0,0,https://admin.shopify.com/store/auracarat/products/9121815953665/variants/50157324566785
2026-08-06,,,50157324599553,Titan Peak Band,DRAFT,18K,0,0,0,https://admin.shopify.com/store/auracarat/products/9121815953665/variants/50157324599553
2026-08-06,,,50157324632321,Titan Peak Band,DRAFT,18K,0,0,0,https://admin.shopify.com/store/auracarat/products/9121815953665/variants/50157324632321
2026-08-06,,,50157324861697,Weave hoop earring,DRAFT,18K,0,0,0,https://admin.shopify.com/store/auracarat/products/9121806516481/variants/50157324861697
2026-08-06,,,50157324894465,Weave hoop earring,DRAFT,18K,0,0,0,https://admin.shopify.com/store/auracarat/products/9121806516481/variants/50157324894465
2026-08-06,,,50157324927233,Weave hoop earring,DRAFT,18K,0,0,0,https://admin.shopify.com/store/auracarat/products/9121806516481/variants/50157324927233
2026-08-06,,,50157324960001,Weave hoop earring,DRAFT,18K,0,0,0,https://admin.shopify.com/store/auracarat/products/9121806516481/variants/50157324960001
2026-08-06,,,50157324992769,Weave hoop earring,DRAFT,18K,0,0,0,https://admin.shopify.com/store/auracarat/products/9121806516481/variants/50157324992769
2026-08-06,,,50157325025537,Weave hoop earring,DRAFT,18K,0,0,0,https://admin.shopify.com/store/auracarat/products/9121806516481/variants/50157325025537
2026-08-06,,,50157328171265,Trapezoid Band,DRAFT,18K,0,0,0,https://admin.shopify.com/store/auracarat/products/9121816248577/variants/50157328171265
2026-08-06,,,50157328204033,Trapezoid Band,DRAFT,18K,0,0,0,https://admin.shopify.com/store/auracarat/products/9121816248577/variants/50157328204033
2026-08-06,,,50157328236801,Trapezoid Band,DRAFT,18K,0,0,0,https://admin.shopify.com/store/auracarat/products/9121816248577/variants/50157328236801
2026-08-06,,,50157328269569,Trapezoid Band,DRAFT,18K,0,0,0,https://admin.shopify.com/store/auracarat/products/9121816248577/variants/50157328269569
2026-08-06,,,50157328302337,Trapezoid Band,DRAFT,18K,0,0,0,https://admin.shopify.com/store/auracarat/products/9121816248577/variants/50157328302337
2026-08-06,,,50157328335105,Trapezoid Band,DRAFT,18K,0,0,0,https://admin.shopify.com/store/auracarat/products/9121816248577/variants/50157328335105
2026-08-06,,,50157328367873,Trapezoid Band,DRAFT,18K,0,0,0,https://admin.shopify.com/store/auracarat/products/9121816248577/variants/50157328367873
2026-08-06,,,50157328400641,Trapezoid Band,DRAFT,18K,0,0,0,https://admin.shopify.com/store/auracarat/products/9121816248577/variants/50157328400641
2026-08-06,,,50157328433409,Trapezoid Band,DRAFT,18K,0,0,0,https://admin.shopify.com/store/auracarat/products/9121816248577/variants/50157328433409
2026-08-06,,,50157328466177,Trapezoid Band,DRAFT,18K,0,0,0,https://admin.shopify.com/store/auracarat/products/9121816248577/variants/50157328466177
2026-08-06,,,50157328498945,Trapezoid Band,DRAFT,18K,0,0,0,https://admin.shopify.com/store/auracarat/products/9121816248577/variants/50157328498945
2026-08-06,,,50157328531713,Trapezoid Band,DRAFT,18K,0,0,0,https://admin.shopify.com/store/auracarat/products/9121816248577/variants/50157328531713
2026-08-06,,,50157328564481,Trapezoid Band,DRAFT,18K,0,0,0,https://admin.shopify.com/store/auracarat/products/9121816248577/variants/50157328564481
2026-08-06,,,50157328597249,Trapezoid Band,DRAFT,18K,0,0,0,https://admin.shopify.com/store/auracarat/products/9121816248577/variants/50157328597249
2026-08-06,,,50157328630017,Trapezoid Band,DRAFT,18K,0,0,0,https://admin.shopify.com/store/auracarat/products/9121816248577/variants/50157328630017
2026-08-06,,,50157328662785,Trapezoid Band,DRAFT,18K,0,0,0,https://admin.shopify.com/store/auracarat/products/9121816248577/variants/50157328662785
2026-08-06,,,50157328695553,Trapezoid Band,DRAFT,18K,0,0,0,https://admin.shopify.com/store/auracarat/products/9121816248577/variants/50157328695553
2026-08-06,,,50157328728321,Trapezoid Band,DRAFT,18K,0,0,0,https://admin.shopify.com/store/auracarat/products/9121816248577/variants/50157328728321
2026-08-06,,,50157328761089,Trapezoid Band,DRAFT,18K,0,0,0,https://admin.shopify.com/store/auracarat/products/9121816248577/variants/50157328761089
2026-08-06,,,50157328793857,Trapezoid Band,DRAFT,18K,0,0,0,https://admin.shopify.com/store/auracarat/products/9121816248577/variants/50157328793857
2026-08-06,,,50157328826625,Trapezoid Band,DRAFT,18K,0,0,0,https://admin.shopify.com/store/auracarat/products/9121816248577/variants/50157328826625
2026-08-06,,,50157328859393,Trapezoid Band,DRAFT,18K,0,0,0,https://admin.shopify.com/store/auracarat/products/9121816248577/variants/50157328859393
2026-08-06,,,50157328892161,Trapezoid Band,DRAFT,18K,0,0,0,https://admin.shopify.com/store/auracarat/products/9121816248577/variants/50157328892161
2026-08-06,,,50157328924929,Trapezoid Band,DRAFT,18K,0,0,0,https://admin.shopify.com/store/auracarat/products/9121816248577/variants/50157328924929
2026-08-06,,,50157328957697,Trapezoid Band,DRAFT,18K,0,0,0,https://admin.shopify.com/store/auracarat/products/9121816248577/variants/50157328957697
2026-08-06,,,50157328990465,Trapezoid Band,DRAFT,18K,0,0,0,https://admin.shopify.com/store/auracarat/products/9121816248577/variants/50157328990465
2026-08-06,,,50157329023233,Trapezoid Band,DRAFT,18K,0,0,0,https://admin.shopify.com/store/auracarat/products/9121816248577/variants/50157329023233
2026-08-06,,,50157329056001,Trapezoid Band,DRAFT,18K,0,0,0,https://admin.shopify.com/store/auracarat/products/9121816248577/variants/50157329056001
2026-08-06,,,50157329088769,Trapezoid Band,DRAFT,18K,0,0,0,https://admin.shopify.com/store/auracarat/products/9121816248577/variants/50157329088769
2026-08-06,,,50157329121537,Trapezoid Band,DRAFT,18K,0,0,0,https://admin.shopify.com/store/auracarat/products/9121816248577/variants/50157329121537
2026-08-06,,,50157329154305,Trapezoid Band,DRAFT,18K,0,0,0,https://admin.shopify.com/store/auracarat/products/9121816248577/variants/50157329154305
2026-08-06,,,50157329187073,Trapezoid Band,DRAFT,18K,0,0,0,https://admin.shopify.com/store/auracarat/products/9121816248577/variants/50157329187073
2026-08-06,,,50157329219841,Trapezoid Band,DRAFT,18K,0,0,0,https://admin.shopify.com/store/auracarat/products/9121816248577/variants/50157329219841
2026-08-06,,,50157329252609,Trapezoid Band,DRAFT,18K,0,0,0,https://admin.shopify.com/store/auracarat/products/9121816248577/variants/50157329252609
2026-08-06,,,50157329285377,Trapezoid Band,DRAFT,18K,0,0,0,https://admin.shopify.com/store/auracarat/products/9121816248577/variants/50157329285377
2026-08-06,,,50157329318145,Trapezoid Band,DRAFT,18K,0,0,0,https://admin.shopify.com/store/auracarat/products/9121816248577/variants/50157329318145
2026-08-06,,,50157329350913,Trapezoid Band,DRAFT,18K,0,0,0,https://admin.shopify.com/store/auracarat/products/9121816248577/variants/50157329350913
2026-08-06,,,50157329383681,Trapezoid Band,DRAFT,18K,0,0,0,https://admin.shopify.com/store/auracarat/products/9121816248577/variants/50157329383681
2026-08-06,,,50157329416449,Trapezoid Band,DRAFT,18K,0,0,0,https://admin.shopify.com/store/auracarat/products/9121816248577/variants/50157329416449
2026-08-06,,,50157329449217,Trapezoid Band,DRAFT,18K,0,0,0,https://admin.shopify.com/store/auracarat/products/9121816248577/variants/50157329449217
2026-08-06,,,50157329481985,Trapezoid Band,DRAFT,18K,0,0,0,https://admin.shopify.com/store/auracarat/products/9121816248577/variants/50157329481985
2026-08-06,,,50157329514753,Trapezoid Band,DRAFT,18K,0,0,0,https://admin.shopify.com/store/auracarat/products/9121816248577/variants/50157329514753
2026-08-06,,,50157329547521,Trapezoid Band,DRAFT,18K,0,0,0,https://admin.shopify.com/store/auracarat/products/9121816248577/variants/50157329547521
2026-08-06,,,50157329580289,Trapezoid Band,DRAFT,18K,0,0,0,https://admin.shopify.com/store/auracarat/products/9121816248577/variants/50157329580289
2026-08-06,,,50157329613057,Trapezoid Band,DRAFT,18K,0,0,0,https://admin.shopify.com/store/auracarat/products/9121816248577/variants/50157329613057
2026-08-06,,,50157329645825,Trapezoid Band,DRAFT,18K,0,0,0,https://admin.shopify.com/store/auracarat/products/9121816248577/variants/50157329645825
2026-08-06,,,50157329678593,Trapezoid Band,DRAFT,18K,0,0,0,https://admin.shopify.com/store/auracarat/products/9121816248577/variants/50157329678593
2026-08-06,,,50157329711361,Trapezoid Band,DRAFT,18K,0,0,0,https://admin.shopify.com/store/auracarat/products/9121816248577/variants/50157329711361
2026-08-06,,,50157329744129,Trapezoid Band,DRAFT,18K,0,0,0,https://admin.shopify.com/store/auracarat/products/9121816248577/variants/50157329744129
2026-08-06,,,50157329776897,Trapezoid Band,DRAFT,18K,0,0,0,https://admin.shopify.com/store/auracarat/products/9121816248577/variants/50157329776897
2026-08-06,,,50157329809665,Trapezoid Band,DRAFT,18K,0,0,0,https://admin.shopify.com/store/auracarat/products/9121816248577/variants/50157329809665
2026-08-06,,,50157329842433,Trapezoid Band,DRAFT,18K,0,0,0,https://admin.shopify.com/store/auracarat/products/9121816248577/variants/50157329842433
2026-08-06,,,50157329875201,Trapezoid Band,DRAFT,18K,0,0,0,https://admin.shopify.com/store/auracarat/products/9121816248577/variants/50157329875201
2026-08-06,,,50157329907969,Trapezoid Band,DRAFT,18K,0,0,0,https://admin.shopify.com/store/auracarat/products/9121816248577/variants/50157329907969
2026-08-06,,,50157329940737,Trapezoid Band,DRAFT,18K,0,0,0,https://admin.shopify.com/store/auracarat/products/9121816248577/variants/50157329940737
2026-08-06,,,50157329973505,Trapezoid Band,DRAFT,18K,0,0,0,https://admin.shopify.com/store/auracarat/products/9121816248577/variants/50157329973505
2026-08-06,,,50157330006273,Trapezoid Band,DRAFT,18K,0,0,0,https://admin.shopify.com/store/auracarat/products/9121816248577/variants/50157330006273
2026-08-06,,,50157330039041,Trapezoid Band,DRAFT,18K,0,0,0,https://admin.shopify.com/store/auracarat/products/9121816248577/variants/50157330039041
2026-08-06,,,50157330071809,Trapezoid Band,DRAFT,18K,0,0,0,https://admin.shopify.com/store/auracarat/products/9121816248577/variants/50157330071809
2026-08-06,,,50157330104577,Trapezoid Band,DRAFT,18K,0,0,0,https://admin.shopify.com/store/auracarat/products/9121816248577/variants/50157330104577
2026-08-06,,,50157330137345,Trapezoid Band,DRAFT,18K,0,0,0,https://admin.shopify.com/store/auracarat/products/9121816248577/variants/50157330137345
2026-08-06,,,50157330170113,Trapezoid Band,DRAFT,18K,0,0,0,https://admin.shopify.com/store/auracarat/products/9121816248577/variants/50157330170113
2026-08-06,,,50157330202881,Trapezoid Band,DRAFT,18K,0,0,0,https://admin.shopify.com/store/auracarat/products/9121816248577/variants/50157330202881
2026-08-06,,,50157330235649,Trapezoid Band,DRAFT,18K,0,0,0,https://admin.shopify.com/store/auracarat/products/9121816248577/variants/50157330235649
2026-08-06,,,50157330268417,Trapezoid Band,DRAFT,18K,0,0,0,https://admin.shopify.com/store/auracarat/products/9121816248577/variants/50157330268417
2026-08-06,,,50157330301185,Trapezoid Band,DRAFT,18K,0,0,0,https://admin.shopify.com/store/auracarat/products/9121816248577/variants/50157330301185
2026-08-06,NK00020,NK00020|P|14|VVSVS-EFG|H|14|0.59|NA,48093802561793,Gemini  Layered Necklace,ACTIVE,14K,0,0,0,https://admin.shopify.com/store/auracarat/products/9035724292353/variants/48093802561793
2026-08-06,NK00020,NK00020|P|14|VVSVS-EFG|H|15|0.59|NA,48093802594561,Gemini  Layered Necklace,ACTIVE,14K,0,0,0,https://admin.shopify.com/store/auracarat/products/9035724292353/variants/48093802594561
2026-08-06,NK00020,NK00020|P|14|VVSVS-EFG|H|16|0.59|NA,48093802529025,Gemini  Layered Necklace,ACTIVE,14K,0,0,0,https://admin.shopify.com/store/auracarat/products/9035724292353/variants/48093802529025
2026-08-06,NK00020,NK00020|P|14|VVSVS-EFG|H|17|0.59|NA,48093802627329,Gemini  Layered Necklace,ACTIVE,14K,0,0,0,https://admin.shopify.com/store/auracarat/products/9035724292353/variants/48093802627329
2026-08-06,NK00020,NK00020|P|14|VVSVS-EFG|H|26|0.59|NA,48093802660097,Gemini  Layered Necklace,ACTIVE,14K,0,0,0,https://admin.shopify.com/store/auracarat/products/9035724292353/variants/48093802660097
2026-08-06,NK00020,NK00020|P|18|VVSVS-EFG|H|14|0.59|NA,48093803053313,Gemini  Layered Necklace,ACTIVE,18K,0,0,0,https://admin.shopify.com/store/auracarat/products/9035724292353/variants/48093803053313
2026-08-06,NK00020,NK00020|P|18|VVSVS-EFG|H|15|0.59|NA,48093803086081,Gemini  Layered Necklace,ACTIVE,18K,0,0,0,https://admin.shopify.com/store/auracarat/products/9035724292353/variants/48093803086081
2026-08-06,NK00020,NK00020|P|18|VVSVS-EFG|H|16|0.59|NA,48093803020545,Gemini  Layered Necklace,ACTIVE,18K,0,0,0,https://admin.shopify.com/store/auracarat/products/9035724292353/variants/48093803020545
2026-08-06,NK00020,NK00020|P|18|VVSVS-EFG|H|17|0.59|NA,48093803118849,Gemini  Layered Necklace,ACTIVE,18K,0,0,0,https://admin.shopify.com/store/auracarat/products/9035724292353/variants/48093803118849
2026-08-06,NK00020,NK00020|P|18|VVSVS-EFG|H|26|0.59|NA,48093803151617,Gemini  Layered Necklace,ACTIVE,18K,0,0,0,https://admin.shopify.com/store/auracarat/products/9035724292353/variants/48093803151617
2026-08-06,NK00020,NK00020|W|14|VVSVS-EFG|H|14|0.59|NA,48093802725633,Gemini  Layered Necklace,ACTIVE,14K,0,0,0,https://admin.shopify.com/store/auracarat/products/9035724292353/variants/48093802725633
2026-08-06,NK00020,NK00020|W|14|VVSVS-EFG|H|15|0.59|NA,48093802758401,Gemini  Layered Necklace,ACTIVE,14K,0,0,0,https://admin.shopify.com/store/auracarat/products/9035724292353/variants/48093802758401
2026-08-06,NK00020,NK00020|W|14|VVSVS-EFG|H|16|0.59|NA,48093802692865,Gemini  Layered Necklace,ACTIVE,14K,0,0,0,https://admin.shopify.com/store/auracarat/products/9035724292353/variants/48093802692865
2026-08-06,NK00020,NK00020|W|14|VVSVS-EFG|H|17|0.59|NA,48093802791169,Gemini  Layered Necklace,ACTIVE,14K,0,0,0,https://admin.shopify.com/store/auracarat/products/9035724292353/variants/48093802791169
2026-08-06,NK00020,NK00020|W|14|VVSVS-EFG|H|26|0.59|NA,48093802823937,Gemini  Layered Necklace,ACTIVE,14K,0,0,0,https://admin.shopify.com/store/auracarat/products/9035724292353/variants/48093802823937
2026-08-06,NK00020,NK00020|W|18|VVSVS-EFG|H|14|0.59|NA,48093803217153,Gemini  Layered Necklace,ACTIVE,18K,0,0,0,https://admin.shopify.com/store/auracarat/products/9035724292353/variants/48093803217153
2026-08-06,NK00020,NK00020|W|18|VVSVS-EFG|H|15|0.59|NA,48093803249921,Gemini  Layered Necklace,ACTIVE,18K,0,0,0,https://admin.shopify.com/store/auracarat/products/9035724292353/variants/48093803249921
2026-08-06,NK00020,NK00020|W|18|VVSVS-EFG|H|16|0.59|NA,48093803184385,Gemini  Layered Necklace,ACTIVE,18K,0,0,0,https://admin.shopify.com/store/auracarat/products/9035724292353/variants/48093803184385
2026-08-06,NK00020,NK00020|W|18|VVSVS-EFG|H|17|0.59|NA,48093803282689,Gemini  Layered Necklace,ACTIVE,18K,0,0,0,https://admin.shopify.com/store/auracarat/products/9035724292353/variants/48093803282689
2026-08-06,NK00020,NK00020|W|18|VVSVS-EFG|H|26|0.59|NA,48093803315457,Gemini  Layered Necklace,ACTIVE,18K,0,0,0,https://admin.shopify.com/store/auracarat/products/9035724292353/variants/48093803315457
2026-08-06,NK00020,NK00020|Y|14|VVSVS-EFG|H|14|0.59|NA,48093802889473,Gemini  Layered Necklace,ACTIVE,14K,0,0,0,https://admin.shopify.com/store/auracarat/products/9035724292353/variants/48093802889473
2026-08-06,NK00020,NK00020|Y|14|VVSVS-EFG|H|15|0.59|NA,48093802922241,Gemini  Layered Necklace,ACTIVE,14K,0,0,0,https://admin.shopify.com/store/auracarat/products/9035724292353/variants/48093802922241
2026-08-06,NK00020,NK00020|Y|14|VVSVS-EFG|H|16|0.59|NA,48093802856705,Gemini  Layered Necklace,ACTIVE,14K,0,0,0,https://admin.shopify.com/store/auracarat/products/9035724292353/variants/48093802856705
2026-08-06,NK00020,NK00020|Y|14|VVSVS-EFG|H|17|0.59|NA,48093802955009,Gemini  Layered Necklace,ACTIVE,14K,0,0,0,https://admin.shopify.com/store/auracarat/products/9035724292353/variants/48093802955009
2026-08-06,NK00020,NK00020|Y|14|VVSVS-EFG|H|26|0.59|NA,48093802987777,Gemini  Layered Necklace,ACTIVE,14K,0,0,0,https://admin.shopify.com/store/auracarat/products/9035724292353/variants/48093802987777
2026-08-06,NK00020,NK00020|Y|18|VVSVS-EFG|H|14|0.59|NA,48093803380993,Gemini  Layered Necklace,ACTIVE,18K,0,0,0,https://admin.shopify.com/store/auracarat/products/9035724292353/variants/48093803380993
2026-08-06,NK00020,NK00020|Y|18|VVSVS-EFG|H|15|0.59|NA,48093803413761,Gemini  Layered Necklace,ACTIVE,18K,0,0,0,https://admin.shopify.com/store/auracarat/products/9035724292353/variants/48093803413761
2026-08-06,NK00020,NK00020|Y|18|VVSVS-EFG|H|16|0.59|NA,48093803348225,Gemini  Layered Necklace,ACTIVE,18K,0,0,0,https://admin.shopify.com/store/auracarat/products/9035724292353/variants/48093803348225
2026-08-06,NK00020,NK00020|Y|18|VVSVS-EFG|H|17|0.59|NA,48093803446529,Gemini  Layered Necklace,ACTIVE,18K,0,0,0,https://admin.shopify.com/store/auracarat/products/9035724292353/variants/48093803446529
2026-08-06,NK00020,NK00020|Y|18|VVSVS-EFG|H|26|0.59|NA,48093803479297,Gemini  Layered Necklace,ACTIVE,18K,0,0,0,https://admin.shopify.com/store/auracarat/products/9035724292353/variants/48093803479297
2026-08-06,NK00025,NK00025|P|14|VVSVS-EFG|H|14|0.94|NA,48056756306177,Amber Lab-Grown Diamond Necklace,DRAFT,14K,0,0,0,https://admin.shopify.com/store/auracarat/products/8983303880961/variants/48056756306177
2026-08-06,NK00025,NK00025|P|14|VVSVS-EFG|H|15|0.94|NA,48056756338945,Amber Lab-Grown Diamond Necklace,DRAFT,14K,0,0,0,https://admin.shopify.com/store/auracarat/products/8983303880961/variants/48056756338945
2026-08-06,NK00025,NK00025|P|14|VVSVS-EFG|H|17|0.94|NA,48056756371713,Amber Lab-Grown Diamond Necklace,DRAFT,14K,0,0,0,https://admin.shopify.com/store/auracarat/products/8983303880961/variants/48056756371713
2026-08-06,NK00025,NK00025|P|14|VVSVS-EFG|H|26|0.94|NA,48056756404481,Amber Lab-Grown Diamond Necklace,DRAFT,14K,0,0,0,https://admin.shopify.com/store/auracarat/products/8983303880961/variants/48056756404481
2026-08-06,NK00025,NK00025|P|18|VVSVS-EFG|H|14|0.94|NA,48056756797697,Amber Lab-Grown Diamond Necklace,DRAFT,18K,0,0,0,https://admin.shopify.com/store/auracarat/products/8983303880961/variants/48056756797697
2026-08-06,NK00025,NK00025|P|18|VVSVS-EFG|H|15|0.94|NA,48056756830465,Amber Lab-Grown Diamond Necklace,DRAFT,18K,0,0,0,https://admin.shopify.com/store/auracarat/products/8983303880961/variants/48056756830465
2026-08-06,NK00025,NK00025|P|18|VVSVS-EFG|H|16|0.94|NA,48056756764929,Amber Lab-Grown Diamond Necklace,DRAFT,18K,0,0,0,https://admin.shopify.com/store/auracarat/products/8983303880961/variants/48056756764929
2026-08-06,NK00025,NK00025|P|18|VVSVS-EFG|H|17|0.94|NA,48056756863233,Amber Lab-Grown Diamond Necklace,DRAFT,18K,0,0,0,https://admin.shopify.com/store/auracarat/products/8983303880961/variants/48056756863233
2026-08-06,NK00025,NK00025|P|18|VVSVS-EFG|H|26|0.94|NA,48056756896001,Amber Lab-Grown Diamond Necklace,DRAFT,18K,0,0,0,https://admin.shopify.com/store/auracarat/products/8983303880961/variants/48056756896001
2026-08-06,NK00025,NK00025|W|14|VVSVS-EFG|H|14|0.94|NA,48056756470017,Amber Lab-Grown Diamond Necklace,DRAFT,14K,0,0,0,https://admin.shopify.com/store/auracarat/products/8983303880961/variants/48056756470017
2026-08-06,NK00025,NK00025|W|14|VVSVS-EFG|H|15|0.94|NA,48056756502785,Amber Lab-Grown Diamond Necklace,DRAFT,14K,0,0,0,https://admin.shopify.com/store/auracarat/products/8983303880961/variants/48056756502785
2026-08-06,NK00025,NK00025|W|14|VVSVS-EFG|H|16|0.94|NA,48056756437249,Amber Lab-Grown Diamond Necklace,DRAFT,14K,0,0,0,https://admin.shopify.com/store/auracarat/products/8983303880961/variants/48056756437249
2026-08-06,NK00025,NK00025|W|14|VVSVS-EFG|H|17|0.94|NA,48056756535553,Amber Lab-Grown Diamond Necklace,DRAFT,14K,0,0,0,https://admin.shopify.com/store/auracarat/products/8983303880961/variants/48056756535553
2026-08-06,NK00025,NK00025|W|14|VVSVS-EFG|H|26|0.94|NA,48056756568321,Amber Lab-Grown Diamond Necklace,DRAFT,14K,0,0,0,https://admin.shopify.com/store/auracarat/products/8983303880961/variants/48056756568321
2026-08-06,NK00025,NK00025|W|18|VVSVS-EFG|H|14|0.94|NA,48056756961537,Amber Lab-Grown Diamond Necklace,DRAFT,18K,0,0,0,https://admin.shopify.com/store/auracarat/products/8983303880961/variants/48056756961537
2026-08-06,NK00025,NK00025|W|18|VVSVS-EFG|H|15|0.94|NA,48056756994305,Amber Lab-Grown Diamond Necklace,DRAFT,18K,0,0,0,https://admin.shopify.com/store/auracarat/products/8983303880961/variants/48056756994305
2026-08-06,NK00025,NK00025|W|18|VVSVS-EFG|H|16|0.94|NA,48056756928769,Amber Lab-Grown Diamond Necklace,DRAFT,18K,0,0,0,https://admin.shopify.com/store/auracarat/products/8983303880961/variants/48056756928769
2026-08-06,NK00025,NK00025|W|18|VVSVS-EFG|H|17|0.94|NA,48056757027073,Amber Lab-Grown Diamond Necklace,DRAFT,18K,0,0,0,https://admin.shopify.com/store/auracarat/products/8983303880961/variants/48056757027073
2026-08-06,NK00025,NK00025|W|18|VVSVS-EFG|H|26|0.94|NA,48056757059841,Amber Lab-Grown Diamond Necklace,DRAFT,18K,0,0,0,https://admin.shopify.com/store/auracarat/products/8983303880961/variants/48056757059841
2026-08-06,NK00025,NK00025|Y|14|VVSVS-EFG|H|14|0.94|NA,48056756633857,Amber Lab-Grown Diamond Necklace,DRAFT,14K,0,0,0,https://admin.shopify.com/store/auracarat/products/8983303880961/variants/48056756633857
2026-08-06,NK00025,NK00025|Y|14|VVSVS-EFG|H|15|0.94|NA,48056756666625,Amber Lab-Grown Diamond Necklace,DRAFT,14K,0,0,0,https://admin.shopify.com/store/auracarat/products/8983303880961/variants/48056756666625
2026-08-06,NK00025,NK00025|Y|14|VVSVS-EFG|H|16|0.94|NA,48056756601089,Amber Lab-Grown Diamond Necklace,DRAFT,14K,0,0,0,https://admin.shopify.com/store/auracarat/products/8983303880961/variants/48056756601089
2026-08-06,NK00025,NK00025|Y|14|VVSVS-EFG|H|17|0.94|NA,48056756699393,Amber Lab-Grown Diamond Necklace,DRAFT,14K,0,0,0,https://admin.shopify.com/store/auracarat/products/8983303880961/variants/48056756699393
2026-08-06,NK00025,NK00025|Y|14|VVSVS-EFG|H|26|0.94|NA,48056756732161,Amber Lab-Grown Diamond Necklace,DRAFT,14K,0,0,0,https://admin.shopify.com/store/auracarat/products/8983303880961/variants/48056756732161
2026-08-06,NK00025,NK00025|Y|18|VVSVS-EFG|H|14|0.94|NA,48056757125377,Amber Lab-Grown Diamond Necklace,DRAFT,18K,0,0,0,https://admin.shopify.com/store/auracarat/products/8983303880961/variants/48056757125377
2026-08-06,NK00025,NK00025|Y|18|VVSVS-EFG|H|15|0.94|NA,48056757158145,Amber Lab-Grown Diamond Necklace,DRAFT,18K,0,0,0,https://admin.shopify.com/store/auracarat/products/8983303880961/variants/48056757158145
2026-08-06,NK00025,NK00025|Y|18|VVSVS-EFG|H|16|0.94|NA,48056757092609,Amber Lab-Grown Diamond Necklace,DRAFT,18K,0,0,0,https://admin.shopify.com/store/auracarat/products/8983303880961/variants/48056757092609
2026-08-06,NK00025,NK00025|Y|18|VVSVS-EFG|H|17|0.94|NA,48056757190913,Amber Lab-Grown Diamond Necklace,DRAFT,18K,0,0,0,https://admin.shopify.com/store/auracarat/products/8983303880961/variants/48056757190913
2026-08-06,NK00025,NK00025|Y|18|VVSVS-EFG|H|26|0.94|NA,48056757223681,Amber Lab-Grown Diamond Necklace,DRAFT,18K,0,0,0,https://admin.shopify.com/store/auracarat/products/8983303880961/variants/48056757223681
2026-08-06,NK00026,NK00026|P|14|VVSVS-EFG|H|14|6.00|NA,48093801513217,Radiance Emerald Cut Diamond Tennis Necklace,ACTIVE,14K,0,0,0,https://admin.shopify.com/store/auracarat/products/9035724226817/variants/48093801513217
2026-08-06,NK00026,NK00026|P|14|VVSVS-EFG|H|15|6.00|NA,48093801545985,Radiance Emerald Cut Diamond Tennis Necklace,ACTIVE,14K,0,0,0,https://admin.shopify.com/store/auracarat/products/9035724226817/variants/48093801545985
2026-08-06,NK00026,NK00026|P|14|VVSVS-EFG|H|16|6.00|NA,48093801480449,Radiance Emerald Cut Diamond Tennis Necklace,ACTIVE,14K,0,0,0,https://admin.shopify.com/store/auracarat/products/9035724226817/variants/48093801480449
2026-08-06,NK00026,NK00026|P|14|VVSVS-EFG|H|17|6.00|NA,48093801578753,Radiance Emerald Cut Diamond Tennis Necklace,ACTIVE,14K,0,0,0,https://admin.shopify.com/store/auracarat/products/9035724226817/variants/48093801578753
2026-08-06,NK00026,NK00026|P|14|VVSVS-EFG|H|26|6.00|NA,48093801611521,Radiance Emerald Cut Diamond Tennis Necklace,ACTIVE,14K,0,0,0,https://admin.shopify.com/store/auracarat/products/9035724226817/variants/48093801611521
2026-08-06,NK00026,NK00026|P|18|VVSVS-EFG|H|14|6.00|NA,48093802004737,Radiance Emerald Cut Diamond Tennis Necklace,ACTIVE,18K,0,0,0,https://admin.shopify.com/store/auracarat/products/9035724226817/variants/48093802004737
2026-08-06,NK00026,NK00026|P|18|VVSVS-EFG|H|15|6.00|NA,48093802037505,Radiance Emerald Cut Diamond Tennis Necklace,ACTIVE,18K,0,0,0,https://admin.shopify.com/store/auracarat/products/9035724226817/variants/48093802037505
2026-08-06,NK00026,NK00026|P|18|VVSVS-EFG|H|16|6.00|NA,48093801971969,Radiance Emerald Cut Diamond Tennis Necklace,ACTIVE,18K,0,0,0,https://admin.shopify.com/store/auracarat/products/9035724226817/variants/48093801971969
2026-08-06,NK00026,NK00026|P|18|VVSVS-EFG|H|17|6.00|NA,48093802070273,Radiance Emerald Cut Diamond Tennis Necklace,ACTIVE,18K,0,0,0,https://admin.shopify.com/store/auracarat/products/9035724226817/variants/48093802070273
2026-08-06,NK00026,NK00026|P|18|VVSVS-EFG|H|26|6.00|NA,48093802103041,Radiance Emerald Cut Diamond Tennis Necklace,ACTIVE,18K,0,0,0,https://admin.shopify.com/store/auracarat/products/9035724226817/variants/48093802103041
2026-08-06,NK00026,NK00026|W|14|VVSVS-EFG|H|14|6.00|NA,48093801677057,Radiance Emerald Cut Diamond Tennis Necklace,ACTIVE,14K,0,0,0,https://admin.shopify.com/store/auracarat/products/9035724226817/variants/48093801677057
2026-08-06,NK00026,NK00026|W|14|VVSVS-EFG|H|15|6.00|NA,48093801709825,Radiance Emerald Cut Diamond Tennis Necklace,ACTIVE,14K,0,0,0,https://admin.shopify.com/store/auracarat/products/9035724226817/variants/48093801709825
2026-08-06,NK00026,NK00026|W|14|VVSVS-EFG|H|16|6.00|NA,48093801644289,Radiance Emerald Cut Diamond Tennis Necklace,ACTIVE,14K,0,0,0,https://admin.shopify.com/store/auracarat/products/9035724226817/variants/48093801644289
2026-08-06,NK00026,NK00026|W|14|VVSVS-EFG|H|17|6.00|NA,48093801742593,Radiance Emerald Cut Diamond Tennis Necklace,ACTIVE,14K,0,0,0,https://admin.shopify.com/store/auracarat/products/9035724226817/variants/48093801742593
2026-08-06,NK00026,NK00026|W|14|VVSVS-EFG|H|26|6.00|NA,48093801775361,Radiance Emerald Cut Diamond Tennis Necklace,ACTIVE,14K,0,0,0,https://admin.shopify.com/store/auracarat/products/9035724226817/variants/48093801775361
2026-08-06,NK00026,NK00026|W|18|VVSVS-EFG|H|14|6.00|NA,48093802168577,Radiance Emerald Cut Diamond Tennis Necklace,ACTIVE,18K,0,0,0,https://admin.shopify.com/store/auracarat/products/9035724226817/variants/48093802168577
2026-08-06,NK00026,NK00026|W|18|VVSVS-EFG|H|15|6.00|NA,48093802201345,Radiance Emerald Cut Diamond Tennis Necklace,ACTIVE,18K,0,0,0,https://admin.shopify.com/store/auracarat/products/9035724226817/variants/48093802201345
2026-08-06,NK00026,NK00026|W|18|VVSVS-EFG|H|16|6.00|NA,48093802135809,Radiance Emerald Cut Diamond Tennis Necklace,ACTIVE,18K,0,0,0,https://admin.shopify.com/store/auracarat/products/9035724226817/variants/48093802135809
2026-08-06,NK00026,NK00026|W|18|VVSVS-EFG|H|17|6.00|NA,48093802234113,Radiance Emerald Cut Diamond Tennis Necklace,ACTIVE,18K,0,0,0,https://admin.shopify.com/store/auracarat/products/9035724226817/variants/48093802234113
2026-08-06,NK00026,NK00026|W|18|VVSVS-EFG|H|26|6.00|NA,48093802266881,Radiance Emerald Cut Diamond Tennis Necklace,ACTIVE,18K,0,0,0,https://admin.shopify.com/store/auracarat/products/9035724226817/variants/48093802266881
2026-08-06,NK00026,NK00026|Y|14|VVSVS-EFG|H|14|6.00|NA,48093801840897,Radiance Emerald Cut Diamond Tennis Necklace,ACTIVE,14K,0,0,0,https://admin.shopify.com/store/auracarat/products/9035724226817/variants/48093801840897
2026-08-06,NK00026,NK00026|Y|14|VVSVS-EFG|H|15|6.00|NA,48093801873665,Radiance Emerald Cut Diamond Tennis Necklace,ACTIVE,14K,0,0,0,https://admin.shopify.com/store/auracarat/products/9035724226817/variants/48093801873665
2026-08-06,NK00026,NK00026|Y|14|VVSVS-EFG|H|16|6.00|NA,48093801808129,Radiance Emerald Cut Diamond Tennis Necklace,ACTIVE,14K,0,0,0,https://admin.shopify.com/store/auracarat/products/9035724226817/variants/48093801808129
2026-08-06,NK00026,NK00026|Y|14|VVSVS-EFG|H|17|6.00|NA,48093801906433,Radiance Emerald Cut Diamond Tennis Necklace,ACTIVE,14K,0,0,0,https://admin.shopify.com/store/auracarat/products/9035724226817/variants/48093801906433
2026-08-06,NK00026,NK00026|Y|14|VVSVS-EFG|H|26|6.00|NA,48093801939201,Radiance Emerald Cut Diamond Tennis Necklace,ACTIVE,14K,0,0,0,https://admin.shopify.com/store/auracarat/products/9035724226817/variants/48093801939201
2026-08-06,NK00026,NK00026|Y|18|VVSVS-EFG|H|14|6.00|NA,48093802332417,Radiance Emerald Cut Diamond Tennis Necklace,ACTIVE,18K,0,0,0,https://admin.shopify.com/store/auracarat/products/9035724226817/variants/48093802332417
2026-08-06,NK00026,NK00026|Y|18|VVSVS-EFG|H|15|6.00|NA,48093802365185,Radiance Emerald Cut Diamond Tennis Necklace,ACTIVE,18K,0,0,0,https://admin.shopify.com/store/auracarat/products/9035724226817/variants/48093802365185
2026-08-06,NK00026,NK00026|Y|18|VVSVS-EFG|H|16|6.00|NA,48093802299649,Radiance Emerald Cut Diamond Tennis Necklace,ACTIVE,18K,0,0,0,https://admin.shopify.com/store/auracarat/products/9035724226817/variants/48093802299649
2026-08-06,NK00026,NK00026|Y|18|VVSVS-EFG|H|17|6.00|NA,48093802397953,Radiance Emerald Cut Diamond Tennis Necklace,ACTIVE,18K,0,0,0,https://admin.shopify.com/store/auracarat/products/9035724226817/variants/48093802397953
2026-08-06,NK00026,NK00026|Y|18|VVSVS-EFG|H|26|6.00|NA,48093802430721,Radiance Emerald Cut Diamond Tennis Necklace,ACTIVE,18K,0,0,0,https://admin.shopify.com/store/auracarat/products/9035724226817/variants/48093802430721
2026-08-06,NK00027,NK00027|P|14|VVSVS-EFG|H|14|7.80|NA,48056750309633,Spica Lab-Grown Diamond Necklace,DRAFT,14K,0,0,0,https://admin.shopify.com/store/auracarat/products/8984651727105/variants/48056750309633
2026-08-06,NK00027,NK00027|P|14|VVSVS-EFG|H|15|7.80|NA,48056750342401,Spica Lab-Grown Diamond Necklace,DRAFT,14K,0,0,0,https://admin.shopify.com/store/auracarat/products/8984651727105/variants/48056750342401
2026-08-06,NK00027,NK00027|P|14|VVSVS-EFG|H|17|7.80|NA,48056750375169,Spica Lab-Grown Diamond Necklace,DRAFT,14K,0,0,0,https://admin.shopify.com/store/auracarat/products/8984651727105/variants/48056750375169
2026-08-06,NK00027,NK00027|P|14|VVSVS-EFG|H|26|7.80|NA,48056750407937,Spica Lab-Grown Diamond Necklace,DRAFT,14K,0,0,0,https://admin.shopify.com/store/auracarat/products/8984651727105/variants/48056750407937
2026-08-06,NK00027,NK00027|P|18|VVSVS-EFG|H|14|7.80|NA,48056750801153,Spica Lab-Grown Diamond Necklace,DRAFT,18K,0,0,0,https://admin.shopify.com/store/auracarat/products/8984651727105/variants/48056750801153
2026-08-06,NK00027,NK00027|P|18|VVSVS-EFG|H|15|7.80|NA,48056750833921,Spica Lab-Grown Diamond Necklace,DRAFT,18K,0,0,0,https://admin.shopify.com/store/auracarat/products/8984651727105/variants/48056750833921
2026-08-06,NK00027,NK00027|P|18|VVSVS-EFG|H|16|7.80|NA,48056750768385,Spica Lab-Grown Diamond Necklace,DRAFT,18K,0,0,0,https://admin.shopify.com/store/auracarat/products/8984651727105/variants/48056750768385
2026-08-06,NK00027,NK00027|P|18|VVSVS-EFG|H|17|7.80|NA,48056750866689,Spica Lab-Grown Diamond Necklace,DRAFT,18K,0,0,0,https://admin.shopify.com/store/auracarat/products/8984651727105/variants/48056750866689
2026-08-06,NK00027,NK00027|P|18|VVSVS-EFG|H|26|7.80|NA,48056750899457,Spica Lab-Grown Diamond Necklace,DRAFT,18K,0,0,0,https://admin.shopify.com/store/auracarat/products/8984651727105/variants/48056750899457
2026-08-06,NK00027,NK00027|W|14|VVSVS-EFG|H|14|7.80|NA,48056750473473,Spica Lab-Grown Diamond Necklace,DRAFT,14K,0,0,0,https://admin.shopify.com/store/auracarat/products/8984651727105/variants/48056750473473
2026-08-06,NK00027,NK00027|W|14|VVSVS-EFG|H|15|7.80|NA,48056750506241,Spica Lab-Grown Diamond Necklace,DRAFT,14K,0,0,0,https://admin.shopify.com/store/auracarat/products/8984651727105/variants/48056750506241
2026-08-06,NK00027,NK00027|W|14|VVSVS-EFG|H|16|7.80|NA,48056750440705,Spica Lab-Grown Diamond Necklace,DRAFT,14K,0,0,0,https://admin.shopify.com/store/auracarat/products/8984651727105/variants/48056750440705
2026-08-06,NK00027,NK00027|W|14|VVSVS-EFG|H|17|7.80|NA,48056750539009,Spica Lab-Grown Diamond Necklace,DRAFT,14K,0,0,0,https://admin.shopify.com/store/auracarat/products/8984651727105/variants/48056750539009
2026-08-06,NK00027,NK00027|W|14|VVSVS-EFG|H|26|7.80|NA,48056750571777,Spica Lab-Grown Diamond Necklace,DRAFT,14K,0,0,0,https://admin.shopify.com/store/auracarat/products/8984651727105/variants/48056750571777
2026-08-06,NK00027,NK00027|W|18|VVSVS-EFG|H|14|7.80|NA,48056750964993,Spica Lab-Grown Diamond Necklace,DRAFT,18K,0,0,0,https://admin.shopify.com/store/auracarat/products/8984651727105/variants/48056750964993
2026-08-06,NK00027,NK00027|W|18|VVSVS-EFG|H|15|7.80|NA,48056750997761,Spica Lab-Grown Diamond Necklace,DRAFT,18K,0,0,0,https://admin.shopify.com/store/auracarat/products/8984651727105/variants/48056750997761
2026-08-06,NK00027,NK00027|W|18|VVSVS-EFG|H|16|7.80|NA,48056750932225,Spica Lab-Grown Diamond Necklace,DRAFT,18K,0,0,0,https://admin.shopify.com/store/auracarat/products/8984651727105/variants/48056750932225
2026-08-06,NK00027,NK00027|W|18|VVSVS-EFG|H|17|7.80|NA,48056751030529,Spica Lab-Grown Diamond Necklace,DRAFT,18K,0,0,0,https://admin.shopify.com/store/auracarat/products/8984651727105/variants/48056751030529
2026-08-06,NK00027,NK00027|W|18|VVSVS-EFG|H|26|7.80|NA,48056751063297,Spica Lab-Grown Diamond Necklace,DRAFT,18K,0,0,0,https://admin.shopify.com/store/auracarat/products/8984651727105/variants/48056751063297
2026-08-06,NK00027,NK00027|Y|14|VVSVS-EFG|H|14|7.80|NA,48056750637313,Spica Lab-Grown Diamond Necklace,DRAFT,14K,0,0,0,https://admin.shopify.com/store/auracarat/products/8984651727105/variants/48056750637313
2026-08-06,NK00027,NK00027|Y|14|VVSVS-EFG|H|15|7.80|NA,48056750670081,Spica Lab-Grown Diamond Necklace,DRAFT,14K,0,0,0,https://admin.shopify.com/store/auracarat/products/8984651727105/variants/48056750670081
2026-08-06,NK00027,NK00027|Y|14|VVSVS-EFG|H|16|7.80|NA,48056750604545,Spica Lab-Grown Diamond Necklace,DRAFT,14K,0,0,0,https://admin.shopify.com/store/auracarat/products/8984651727105/variants/48056750604545
2026-08-06,NK00027,NK00027|Y|14|VVSVS-EFG|H|17|7.80|NA,48056750702849,Spica Lab-Grown Diamond Necklace,DRAFT,14K,0,0,0,https://admin.shopify.com/store/auracarat/products/8984651727105/variants/48056750702849
2026-08-06,NK00027,NK00027|Y|14|VVSVS-EFG|H|26|7.80|NA,48056750735617,Spica Lab-Grown Diamond Necklace,DRAFT,14K,0,0,0,https://admin.shopify.com/store/auracarat/products/8984651727105/variants/48056750735617
2026-08-06,NK00027,NK00027|Y|18|VVSVS-EFG|H|14|7.80|NA,48056751128833,Spica Lab-Grown Diamond Necklace,DRAFT,18K,0,0,0,https://admin.shopify.com/store/auracarat/products/8984651727105/variants/48056751128833
2026-08-06,NK00027,NK00027|Y|18|VVSVS-EFG|H|15|7.80|NA,48056751161601,Spica Lab-Grown Diamond Necklace,DRAFT,18K,0,0,0,https://admin.shopify.com/store/auracarat/products/8984651727105/variants/48056751161601
2026-08-06,NK00027,NK00027|Y|18|VVSVS-EFG|H|16|7.80|NA,48056751096065,Spica Lab-Grown Diamond Necklace,DRAFT,18K,0,0,0,https://admin.shopify.com/store/auracarat/products/8984651727105/variants/48056751096065
2026-08-06,NK00027,NK00027|Y|18|VVSVS-EFG|H|17|7.80|NA,48056751194369,Spica Lab-Grown Diamond Necklace,DRAFT,18K,0,0,0,https://admin.shopify.com/store/auracarat/products/8984651727105/variants/48056751194369
2026-08-06,NK00027,NK00027|Y|18|VVSVS-EFG|H|26|7.80|NA,48056751227137,Spica Lab-Grown Diamond Necklace,DRAFT,18K,0,0,0,https://admin.shopify.com/store/auracarat/products/8984651727105/variants/48056751227137
2026-08-06,NK00028,NK00028|P|14|VVSVS-EFG|H|14|6.66|NA,48056747458817,Jewel Lab-Grown Diamond Necklace,DRAFT,14K,0,0,0,https://admin.shopify.com/store/auracarat/products/8984651759873/variants/48056747458817
2026-08-06,NK00028,NK00028|P|14|VVSVS-EFG|H|15|6.66|NA,48056747491585,Jewel Lab-Grown Diamond Necklace,DRAFT,14K,0,0,0,https://admin.shopify.com/store/auracarat/products/8984651759873/variants/48056747491585
2026-08-06,NK00028,NK00028|P|14|VVSVS-EFG|H|17|6.66|NA,48056747524353,Jewel Lab-Grown Diamond Necklace,DRAFT,14K,0,0,0,https://admin.shopify.com/store/auracarat/products/8984651759873/variants/48056747524353
2026-08-06,NK00028,NK00028|P|14|VVSVS-EFG|H|26|6.66|NA,48056747557121,Jewel Lab-Grown Diamond Necklace,DRAFT,14K,0,0,0,https://admin.shopify.com/store/auracarat/products/8984651759873/variants/48056747557121
2026-08-06,NK00028,NK00028|P|18|VVSVS-EFG|H|14|6.66|NA,48056747950337,Jewel Lab-Grown Diamond Necklace,DRAFT,18K,0,0,0,https://admin.shopify.com/store/auracarat/products/8984651759873/variants/48056747950337
2026-08-06,NK00028,NK00028|P|18|VVSVS-EFG|H|15|6.66|NA,48056747983105,Jewel Lab-Grown Diamond Necklace,DRAFT,18K,0,0,0,https://admin.shopify.com/store/auracarat/products/8984651759873/variants/48056747983105
2026-08-06,NK00028,NK00028|P|18|VVSVS-EFG|H|16|6.66|NA,48056747917569,Jewel Lab-Grown Diamond Necklace,DRAFT,18K,0,0,0,https://admin.shopify.com/store/auracarat/products/8984651759873/variants/48056747917569
2026-08-06,NK00028,NK00028|P|18|VVSVS-EFG|H|17|6.66|NA,48056748015873,Jewel Lab-Grown Diamond Necklace,DRAFT,18K,0,0,0,https://admin.shopify.com/store/auracarat/products/8984651759873/variants/48056748015873
2026-08-06,NK00028,NK00028|P|18|VVSVS-EFG|H|26|6.66|NA,48056748048641,Jewel Lab-Grown Diamond Necklace,DRAFT,18K,0,0,0,https://admin.shopify.com/store/auracarat/products/8984651759873/variants/48056748048641
2026-08-06,NK00028,NK00028|W|14|VVSVS-EFG|H|14|6.66|NA,48056747622657,Jewel Lab-Grown Diamond Necklace,DRAFT,14K,0,0,0,https://admin.shopify.com/store/auracarat/products/8984651759873/variants/48056747622657
2026-08-06,NK00028,NK00028|W|14|VVSVS-EFG|H|15|6.66|NA,48056747655425,Jewel Lab-Grown Diamond Necklace,DRAFT,14K,0,0,0,https://admin.shopify.com/store/auracarat/products/8984651759873/variants/48056747655425
2026-08-06,NK00028,NK00028|W|14|VVSVS-EFG|H|16|6.66|NA,48056747589889,Jewel Lab-Grown Diamond Necklace,DRAFT,14K,0,0,0,https://admin.shopify.com/store/auracarat/products/8984651759873/variants/48056747589889
2026-08-06,NK00028,NK00028|W|14|VVSVS-EFG|H|17|6.66|NA,48056747688193,Jewel Lab-Grown Diamond Necklace,DRAFT,14K,0,0,0,https://admin.shopify.com/store/auracarat/products/8984651759873/variants/48056747688193
2026-08-06,NK00028,NK00028|W|14|VVSVS-EFG|H|26|6.66|NA,48056747720961,Jewel Lab-Grown Diamond Necklace,DRAFT,14K,0,0,0,https://admin.shopify.com/store/auracarat/products/8984651759873/variants/48056747720961
2026-08-06,NK00028,NK00028|W|18|VVSVS-EFG|H|14|6.66|NA,48056748114177,Jewel Lab-Grown Diamond Necklace,DRAFT,18K,0,0,0,https://admin.shopify.com/store/auracarat/products/8984651759873/variants/48056748114177
2026-08-06,NK00028,NK00028|W|18|VVSVS-EFG|H|15|6.66|NA,48056748146945,Jewel Lab-Grown Diamond Necklace,DRAFT,18K,0,0,0,https://admin.shopify.com/store/auracarat/products/8984651759873/variants/48056748146945
2026-08-06,NK00028,NK00028|W|18|VVSVS-EFG|H|16|6.66|NA,48056748081409,Jewel Lab-Grown Diamond Necklace,DRAFT,18K,0,0,0,https://admin.shopify.com/store/auracarat/products/8984651759873/variants/48056748081409
2026-08-06,NK00028,NK00028|W|18|VVSVS-EFG|H|17|6.66|NA,48056748179713,Jewel Lab-Grown Diamond Necklace,DRAFT,18K,0,0,0,https://admin.shopify.com/store/auracarat/products/8984651759873/variants/48056748179713
2026-08-06,NK00028,NK00028|W|18|VVSVS-EFG|H|26|6.66|NA,48056748212481,Jewel Lab-Grown Diamond Necklace,DRAFT,18K,0,0,0,https://admin.shopify.com/store/auracarat/products/8984651759873/variants/48056748212481
2026-08-06,NK00028,NK00028|Y|14|VVSVS-EFG|H|14|6.66|NA,48056747786497,Jewel Lab-Grown Diamond Necklace,DRAFT,14K,0,0,0,https://admin.shopify.com/store/auracarat/products/8984651759873/variants/48056747786497
2026-08-06,NK00028,NK00028|Y|14|VVSVS-EFG|H|15|6.66|NA,48056747819265,Jewel Lab-Grown Diamond Necklace,DRAFT,14K,0,0,0,https://admin.shopify.com/store/auracarat/products/8984651759873/variants/48056747819265
2026-08-06,NK00028,NK00028|Y|14|VVSVS-EFG|H|16|6.66|NA,48056747753729,Jewel Lab-Grown Diamond Necklace,DRAFT,14K,0,0,0,https://admin.shopify.com/store/auracarat/products/8984651759873/variants/48056747753729
2026-08-06,NK00028,NK00028|Y|14|VVSVS-EFG|H|17|6.66|NA,48056747852033,Jewel Lab-Grown Diamond Necklace,DRAFT,14K,0,0,0,https://admin.shopify.com/store/auracarat/products/8984651759873/variants/48056747852033
2026-08-06,NK00028,NK00028|Y|14|VVSVS-EFG|H|26|6.66|NA,48056747884801,Jewel Lab-Grown Diamond Necklace,DRAFT,14K,0,0,0,https://admin.shopify.com/store/auracarat/products/8984651759873/variants/48056747884801
2026-08-06,NK00028,NK00028|Y|18|VVSVS-EFG|H|14|6.66|NA,48056748278017,Jewel Lab-Grown Diamond Necklace,DRAFT,18K,0,0,0,https://admin.shopify.com/store/auracarat/products/8984651759873/variants/48056748278017
2026-08-06,NK00028,NK00028|Y|18|VVSVS-EFG|H|15|6.66|NA,48056748310785,Jewel Lab-Grown Diamond Necklace,DRAFT,18K,0,0,0,https://admin.shopify.com/store/auracarat/products/8984651759873/variants/48056748310785
2026-08-06,NK00028,NK00028|Y|18|VVSVS-EFG|H|16|6.66|NA,48056748245249,Jewel Lab-Grown Diamond Necklace,DRAFT,18K,0,0,0,https://admin.shopify.com/store/auracarat/products/8984651759873/variants/48056748245249
2026-08-06,NK00028,NK00028|Y|18|VVSVS-EFG|H|17|6.66|NA,48056748343553,Jewel Lab-Grown Diamond Necklace,DRAFT,18K,0,0,0,https://admin.shopify.com/store/auracarat/products/8984651759873/variants/48056748343553
2026-08-06,NK00028,NK00028|Y|18|VVSVS-EFG|H|26|6.66|NA,48056748376321,Jewel Lab-Grown Diamond Necklace,DRAFT,18K,0,0,0,https://admin.shopify.com/store/auracarat/products/8984651759873/variants/48056748376321
2026-08-06,NK00030,NK00030|P|14|VVSVS-EFG|H|14|1.74|NA,48056745558273,Aurora Lab-Grown Diamond Pendant,DRAFT,14K,0,0,0,https://admin.shopify.com/store/auracarat/products/8984651858177/variants/48056745558273
2026-08-06,NK00030,NK00030|P|14|VVSVS-EFG|H|15|1.74|NA,48056745591041,Aurora Lab-Grown Diamond Pendant,DRAFT,14K,0,0,0,https://admin.shopify.com/store/auracarat/products/8984651858177/variants/48056745591041
2026-08-06,NK00030,NK00030|P|14|VVSVS-EFG|H|17|1.74|NA,48056745623809,Aurora Lab-Grown Diamond Pendant,DRAFT,14K,0,0,0,https://admin.shopify.com/store/auracarat/products/8984651858177/variants/48056745623809
2026-08-06,NK00030,NK00030|P|14|VVSVS-EFG|H|26|1.74|NA,48056745656577,Aurora Lab-Grown Diamond Pendant,DRAFT,14K,0,0,0,https://admin.shopify.com/store/auracarat/products/8984651858177/variants/48056745656577
2026-08-06,NK00030,NK00030|P|18|VVSVS-EFG|H|14|1.74|NA,48056746049793,Aurora Lab-Grown Diamond Pendant,DRAFT,18K,0,0,0,https://admin.shopify.com/store/auracarat/products/8984651858177/variants/48056746049793
2026-08-06,NK00030,NK00030|P|18|VVSVS-EFG|H|15|1.74|NA,48056746082561,Aurora Lab-Grown Diamond Pendant,DRAFT,18K,0,0,0,https://admin.shopify.com/store/auracarat/products/8984651858177/variants/48056746082561
2026-08-06,NK00030,NK00030|P|18|VVSVS-EFG|H|16|1.74|NA,48056746017025,Aurora Lab-Grown Diamond Pendant,DRAFT,18K,0,0,0,https://admin.shopify.com/store/auracarat/products/8984651858177/variants/48056746017025
2026-08-06,NK00030,NK00030|P|18|VVSVS-EFG|H|17|1.74|NA,48056746115329,Aurora Lab-Grown Diamond Pendant,DRAFT,18K,0,0,0,https://admin.shopify.com/store/auracarat/products/8984651858177/variants/48056746115329
2026-08-06,NK00030,NK00030|P|18|VVSVS-EFG|H|26|1.74|NA,48056746148097,Aurora Lab-Grown Diamond Pendant,DRAFT,18K,0,0,0,https://admin.shopify.com/store/auracarat/products/8984651858177/variants/48056746148097
2026-08-06,NK00030,NK00030|W|14|VVSVS-EFG|H|14|1.74|NA,48056745722113,Aurora Lab-Grown Diamond Pendant,DRAFT,14K,0,0,0,https://admin.shopify.com/store/auracarat/products/8984651858177/variants/48056745722113
2026-08-06,NK00030,NK00030|W|14|VVSVS-EFG|H|15|1.74|NA,48056745754881,Aurora Lab-Grown Diamond Pendant,DRAFT,14K,0,0,0,https://admin.shopify.com/store/auracarat/products/8984651858177/variants/48056745754881
2026-08-06,NK00030,NK00030|W|14|VVSVS-EFG|H|16|1.74|NA,48056745689345,Aurora Lab-Grown Diamond Pendant,DRAFT,14K,0,0,0,https://admin.shopify.com/store/auracarat/products/8984651858177/variants/48056745689345
2026-08-06,NK00030,NK00030|W|14|VVSVS-EFG|H|17|1.74|NA,48056745787649,Aurora Lab-Grown Diamond Pendant,DRAFT,14K,0,0,0,https://admin.shopify.com/store/auracarat/products/8984651858177/variants/48056745787649
2026-08-06,NK00030,NK00030|W|14|VVSVS-EFG|H|26|1.74|NA,48056745820417,Aurora Lab-Grown Diamond Pendant,DRAFT,14K,0,0,0,https://admin.shopify.com/store/auracarat/products/8984651858177/variants/48056745820417
2026-08-06,NK00030,NK00030|W|18|VVSVS-EFG|H|14|1.74|NA,48056746213633,Aurora Lab-Grown Diamond Pendant,DRAFT,18K,0,0,0,https://admin.shopify.com/store/auracarat/products/8984651858177/variants/48056746213633
2026-08-06,NK00030,NK00030|W|18|VVSVS-EFG|H|15|1.74|NA,48056746246401,Aurora Lab-Grown Diamond Pendant,DRAFT,18K,0,0,0,https://admin.shopify.com/store/auracarat/products/8984651858177/variants/48056746246401
2026-08-06,NK00030,NK00030|W|18|VVSVS-EFG|H|16|1.74|NA,48056746180865,Aurora Lab-Grown Diamond Pendant,DRAFT,18K,0,0,0,https://admin.shopify.com/store/auracarat/products/8984651858177/variants/48056746180865
2026-08-06,NK00030,NK00030|W|18|VVSVS-EFG|H|17|1.74|NA,48056746279169,Aurora Lab-Grown Diamond Pendant,DRAFT,18K,0,0,0,https://admin.shopify.com/store/auracarat/products/8984651858177/variants/48056746279169
2026-08-06,NK00030,NK00030|W|18|VVSVS-EFG|H|26|1.74|NA,48056746311937,Aurora Lab-Grown Diamond Pendant,DRAFT,18K,0,0,0,https://admin.shopify.com/store/auracarat/products/8984651858177/variants/48056746311937
2026-08-06,NK00030,NK00030|Y|14|VVSVS-EFG|H|14|1.74|NA,48056745885953,Aurora Lab-Grown Diamond Pendant,DRAFT,14K,0,0,0,https://admin.shopify.com/store/auracarat/products/8984651858177/variants/48056745885953
2026-08-06,NK00030,NK00030|Y|14|VVSVS-EFG|H|15|1.74|NA,48056745918721,Aurora Lab-Grown Diamond Pendant,DRAFT,14K,0,0,0,https://admin.shopify.com/store/auracarat/products/8984651858177/variants/48056745918721
2026-08-06,NK00030,NK00030|Y|14|VVSVS-EFG|H|16|1.74|NA,48056745853185,Aurora Lab-Grown Diamond Pendant,DRAFT,14K,0,0,0,https://admin.shopify.com/store/auracarat/products/8984651858177/variants/48056745853185
2026-08-06,NK00030,NK00030|Y|14|VVSVS-EFG|H|17|1.74|NA,48056745951489,Aurora Lab-Grown Diamond Pendant,DRAFT,14K,0,0,0,https://admin.shopify.com/store/auracarat/products/8984651858177/variants/48056745951489
2026-08-06,NK00030,NK00030|Y|14|VVSVS-EFG|H|26|1.74|NA,48056745984257,Aurora Lab-Grown Diamond Pendant,DRAFT,14K,0,0,0,https://admin.shopify.com/store/auracarat/products/8984651858177/variants/48056745984257
2026-08-06,NK00030,NK00030|Y|18|VVSVS-EFG|H|14|1.74|NA,48056746377473,Aurora Lab-Grown Diamond Pendant,DRAFT,18K,0,0,0,https://admin.shopify.com/store/auracarat/products/8984651858177/variants/48056746377473
2026-08-06,NK00030,NK00030|Y|18|VVSVS-EFG|H|15|1.74|NA,48056746410241,Aurora Lab-Grown Diamond Pendant,DRAFT,18K,0,0,0,https://admin.shopify.com/store/auracarat/products/8984651858177/variants/48056746410241
2026-08-06,NK00030,NK00030|Y|18|VVSVS-EFG|H|16|1.74|NA,48056746344705,Aurora Lab-Grown Diamond Pendant,DRAFT,18K,0,0,0,https://admin.shopify.com/store/auracarat/products/8984651858177/variants/48056746344705
2026-08-06,NK00030,NK00030|Y|18|VVSVS-EFG|H|17|1.74|NA,48056746443009,Aurora Lab-Grown Diamond Pendant,DRAFT,18K,0,0,0,https://admin.shopify.com/store/auracarat/products/8984651858177/variants/48056746443009
2026-08-06,NK00030,NK00030|Y|18|VVSVS-EFG|H|26|1.74|NA,48056746475777,Aurora Lab-Grown Diamond Pendant,DRAFT,18K,0,0,0,https://admin.shopify.com/store/auracarat/products/8984651858177/variants/48056746475777
2026-08-06,NK00032,NK00032|P|14|VVSVS-EFG|H|14|0.47|NA,48056743592193,Aquarius Lab-Grown Diamond Necklace,DRAFT,14K,0,0,0,https://admin.shopify.com/store/auracarat/products/8984651923713/variants/48056743592193
2026-08-06,NK00032,NK00032|P|14|VVSVS-EFG|H|15|0.47|NA,48056743624961,Aquarius Lab-Grown Diamond Necklace,DRAFT,14K,0,0,0,https://admin.shopify.com/store/auracarat/products/8984651923713/variants/48056743624961
2026-08-06,NK00032,NK00032|P|14|VVSVS-EFG|H|17|0.47|NA,48056743657729,Aquarius Lab-Grown Diamond Necklace,DRAFT,14K,0,0,0,https://admin.shopify.com/store/auracarat/products/8984651923713/variants/48056743657729
2026-08-06,NK00032,NK00032|P|14|VVSVS-EFG|H|26|0.47|NA,48056743690497,Aquarius Lab-Grown Diamond Necklace,DRAFT,14K,0,0,0,https://admin.shopify.com/store/auracarat/products/8984651923713/variants/48056743690497
2026-08-06,NK00032,NK00032|P|18|VVSVS-EFG|H|14|0.47|NA,48056744083713,Aquarius Lab-Grown Diamond Necklace,DRAFT,18K,0,0,0,https://admin.shopify.com/store/auracarat/products/8984651923713/variants/48056744083713
2026-08-06,NK00032,NK00032|P|18|VVSVS-EFG|H|15|0.47|NA,48056744116481,Aquarius Lab-Grown Diamond Necklace,DRAFT,18K,0,0,0,https://admin.shopify.com/store/auracarat/products/8984651923713/variants/48056744116481
2026-08-06,NK00032,NK00032|P|18|VVSVS-EFG|H|16|0.47|NA,48056744050945,Aquarius Lab-Grown Diamond Necklace,DRAFT,18K,0,0,0,https://admin.shopify.com/store/auracarat/products/8984651923713/variants/48056744050945
2026-08-06,NK00032,NK00032|P|18|VVSVS-EFG|H|17|0.47|NA,48056744149249,Aquarius Lab-Grown Diamond Necklace,DRAFT,18K,0,0,0,https://admin.shopify.com/store/auracarat/products/8984651923713/variants/48056744149249
2026-08-06,NK00032,NK00032|P|18|VVSVS-EFG|H|26|0.47|NA,48056744182017,Aquarius Lab-Grown Diamond Necklace,DRAFT,18K,0,0,0,https://admin.shopify.com/store/auracarat/products/8984651923713/variants/48056744182017
2026-08-06,NK00032,NK00032|W|14|VVSVS-EFG|H|14|0.47|NA,48056743756033,Aquarius Lab-Grown Diamond Necklace,DRAFT,14K,0,0,0,https://admin.shopify.com/store/auracarat/products/8984651923713/variants/48056743756033
2026-08-06,NK00032,NK00032|W|14|VVSVS-EFG|H|15|0.47|NA,48056743788801,Aquarius Lab-Grown Diamond Necklace,DRAFT,14K,0,0,0,https://admin.shopify.com/store/auracarat/products/8984651923713/variants/48056743788801
2026-08-06,NK00032,NK00032|W|14|VVSVS-EFG|H|16|0.47|NA,48056743723265,Aquarius Lab-Grown Diamond Necklace,DRAFT,14K,0,0,0,https://admin.shopify.com/store/auracarat/products/8984651923713/variants/48056743723265
2026-08-06,NK00032,NK00032|W|14|VVSVS-EFG|H|17|0.47|NA,48056743821569,Aquarius Lab-Grown Diamond Necklace,DRAFT,14K,0,0,0,https://admin.shopify.com/store/auracarat/products/8984651923713/variants/48056743821569
2026-08-06,NK00032,NK00032|W|14|VVSVS-EFG|H|26|0.47|NA,48056743854337,Aquarius Lab-Grown Diamond Necklace,DRAFT,14K,0,0,0,https://admin.shopify.com/store/auracarat/products/8984651923713/variants/48056743854337
2026-08-06,NK00032,NK00032|W|18|VVSVS-EFG|H|14|0.47|NA,48056744247553,Aquarius Lab-Grown Diamond Necklace,DRAFT,18K,0,0,0,https://admin.shopify.com/store/auracarat/products/8984651923713/variants/48056744247553
2026-08-06,NK00032,NK00032|W|18|VVSVS-EFG|H|15|0.47|NA,48056744280321,Aquarius Lab-Grown Diamond Necklace,DRAFT,18K,0,0,0,https://admin.shopify.com/store/auracarat/products/8984651923713/variants/48056744280321
2026-08-06,NK00032,NK00032|W|18|VVSVS-EFG|H|16|0.47|NA,48056744214785,Aquarius Lab-Grown Diamond Necklace,DRAFT,18K,0,0,0,https://admin.shopify.com/store/auracarat/products/8984651923713/variants/48056744214785
2026-08-06,NK00032,NK00032|W|18|VVSVS-EFG|H|17|0.47|NA,48056744313089,Aquarius Lab-Grown Diamond Necklace,DRAFT,18K,0,0,0,https://admin.shopify.com/store/auracarat/products/8984651923713/variants/48056744313089
2026-08-06,NK00032,NK00032|W|18|VVSVS-EFG|H|26|0.47|NA,48056744345857,Aquarius Lab-Grown Diamond Necklace,DRAFT,18K,0,0,0,https://admin.shopify.com/store/auracarat/products/8984651923713/variants/48056744345857
2026-08-06,NK00032,NK00032|Y|14|VVSVS-EFG|H|14|0.47|NA,48056743919873,Aquarius Lab-Grown Diamond Necklace,DRAFT,14K,0,0,0,https://admin.shopify.com/store/auracarat/products/8984651923713/variants/48056743919873
2026-08-06,NK00032,NK00032|Y|14|VVSVS-EFG|H|15|0.47|NA,48056743952641,Aquarius Lab-Grown Diamond Necklace,DRAFT,14K,0,0,0,https://admin.shopify.com/store/auracarat/products/8984651923713/variants/48056743952641
2026-08-06,NK00032,NK00032|Y|14|VVSVS-EFG|H|16|0.47|NA,48056743887105,Aquarius Lab-Grown Diamond Necklace,DRAFT,14K,0,0,0,https://admin.shopify.com/store/auracarat/products/8984651923713/variants/48056743887105
2026-08-06,NK00032,NK00032|Y|14|VVSVS-EFG|H|17|0.47|NA,48056743985409,Aquarius Lab-Grown Diamond Necklace,DRAFT,14K,0,0,0,https://admin.shopify.com/store/auracarat/products/8984651923713/variants/48056743985409
2026-08-06,NK00032,NK00032|Y|14|VVSVS-EFG|H|26|0.47|NA,48056744018177,Aquarius Lab-Grown Diamond Necklace,DRAFT,14K,0,0,0,https://admin.shopify.com/store/auracarat/products/8984651923713/variants/48056744018177
2026-08-06,NK00032,NK00032|Y|18|VVSVS-EFG|H|14|0.47|NA,48056744411393,Aquarius Lab-Grown Diamond Necklace,DRAFT,18K,0,0,0,https://admin.shopify.com/store/auracarat/products/8984651923713/variants/48056744411393
2026-08-06,NK00032,NK00032|Y|18|VVSVS-EFG|H|15|0.47|NA,48056744444161,Aquarius Lab-Grown Diamond Necklace,DRAFT,18K,0,0,0,https://admin.shopify.com/store/auracarat/products/8984651923713/variants/48056744444161
2026-08-06,NK00032,NK00032|Y|18|VVSVS-EFG|H|16|0.47|NA,48056744378625,Aquarius Lab-Grown Diamond Necklace,DRAFT,18K,0,0,0,https://admin.shopify.com/store/auracarat/products/8984651923713/variants/48056744378625
2026-08-06,NK00032,NK00032|Y|18|VVSVS-EFG|H|17|0.47|NA,48056744476929,Aquarius Lab-Grown Diamond Necklace,DRAFT,18K,0,0,0,https://admin.shopify.com/store/auracarat/products/8984651923713/variants/48056744476929
2026-08-06,NK00032,NK00032|Y|18|VVSVS-EFG|H|26|0.47|NA,48056744509697,Aquarius Lab-Grown Diamond Necklace,DRAFT,18K,0,0,0,https://admin.shopify.com/store/auracarat/products/8984651923713/variants/48056744509697
2026-08-06,NK00033,NK00033|P|14|VVSVS-EFG|H|14|6.12|NA,48056742314241,Sapphire Lab-Grown Diamond Necklace,DRAFT,14K,0,0,0,https://admin.shopify.com/store/auracarat/products/8984651956481/variants/48056742314241
2026-08-06,NK00033,NK00033|P|14|VVSVS-EFG|H|15|6.12|NA,48056742347009,Sapphire Lab-Grown Diamond Necklace,DRAFT,14K,0,0,0,https://admin.shopify.com/store/auracarat/products/8984651956481/variants/48056742347009
2026-08-06,NK00033,NK00033|P|14|VVSVS-EFG|H|17|6.12|NA,48056742379777,Sapphire Lab-Grown Diamond Necklace,DRAFT,14K,0,0,0,https://admin.shopify.com/store/auracarat/products/8984651956481/variants/48056742379777
2026-08-06,NK00033,NK00033|P|14|VVSVS-EFG|H|26|6.12|NA,48056742412545,Sapphire Lab-Grown Diamond Necklace,DRAFT,14K,0,0,0,https://admin.shopify.com/store/auracarat/products/8984651956481/variants/48056742412545
2026-08-06,NK00033,NK00033|P|18|VVSVS-EFG|H|14|6.12|NA,48056742805761,Sapphire Lab-Grown Diamond Necklace,DRAFT,18K,0,0,0,https://admin.shopify.com/store/auracarat/products/8984651956481/variants/48056742805761
2026-08-06,NK00033,NK00033|P|18|VVSVS-EFG|H|15|6.12|NA,48056742838529,Sapphire Lab-Grown Diamond Necklace,DRAFT,18K,0,0,0,https://admin.shopify.com/store/auracarat/products/8984651956481/variants/48056742838529
2026-08-06,NK00033,NK00033|P|18|VVSVS-EFG|H|16|6.12|NA,48056742772993,Sapphire Lab-Grown Diamond Necklace,DRAFT,18K,0,0,0,https://admin.shopify.com/store/auracarat/products/8984651956481/variants/48056742772993
2026-08-06,NK00033,NK00033|P|18|VVSVS-EFG|H|17|6.12|NA,48056742871297,Sapphire Lab-Grown Diamond Necklace,DRAFT,18K,0,0,0,https://admin.shopify.com/store/auracarat/products/8984651956481/variants/48056742871297
2026-08-06,NK00033,NK00033|P|18|VVSVS-EFG|H|26|6.12|NA,48056742904065,Sapphire Lab-Grown Diamond Necklace,DRAFT,18K,0,0,0,https://admin.shopify.com/store/auracarat/products/8984651956481/variants/48056742904065
2026-08-06,NK00033,NK00033|W|14|VVSVS-EFG|H|14|6.12|NA,48056742478081,Sapphire Lab-Grown Diamond Necklace,DRAFT,14K,0,0,0,https://admin.shopify.com/store/auracarat/products/8984651956481/variants/48056742478081
2026-08-06,NK00033,NK00033|W|14|VVSVS-EFG|H|15|6.12|NA,48056742510849,Sapphire Lab-Grown Diamond Necklace,DRAFT,14K,0,0,0,https://admin.shopify.com/store/auracarat/products/8984651956481/variants/48056742510849
2026-08-06,NK00033,NK00033|W|14|VVSVS-EFG|H|16|6.12|NA,48056742445313,Sapphire Lab-Grown Diamond Necklace,DRAFT,14K,0,0,0,https://admin.shopify.com/store/auracarat/products/8984651956481/variants/48056742445313
2026-08-06,NK00033,NK00033|W|14|VVSVS-EFG|H|17|6.12|NA,48056742543617,Sapphire Lab-Grown Diamond Necklace,DRAFT,14K,0,0,0,https://admin.shopify.com/store/auracarat/products/8984651956481/variants/48056742543617
2026-08-06,NK00033,NK00033|W|14|VVSVS-EFG|H|26|6.12|NA,48056742576385,Sapphire Lab-Grown Diamond Necklace,DRAFT,14K,0,0,0,https://admin.shopify.com/store/auracarat/products/8984651956481/variants/48056742576385
2026-08-06,NK00033,NK00033|W|18|VVSVS-EFG|H|14|6.12|NA,48056742969601,Sapphire Lab-Grown Diamond Necklace,DRAFT,18K,0,0,0,https://admin.shopify.com/store/auracarat/products/8984651956481/variants/48056742969601
2026-08-06,NK00033,NK00033|W|18|VVSVS-EFG|H|15|6.12|NA,48056743002369,Sapphire Lab-Grown Diamond Necklace,DRAFT,18K,0,0,0,https://admin.shopify.com/store/auracarat/products/8984651956481/variants/48056743002369
2026-08-06,NK00033,NK00033|W|18|VVSVS-EFG|H|16|6.12|NA,48056742936833,Sapphire Lab-Grown Diamond Necklace,DRAFT,18K,0,0,0,https://admin.shopify.com/store/auracarat/products/8984651956481/variants/48056742936833
2026-08-06,NK00033,NK00033|W|18|VVSVS-EFG|H|17|6.12|NA,48056743035137,Sapphire Lab-Grown Diamond Necklace,DRAFT,18K,0,0,0,https://admin.shopify.com/store/auracarat/products/8984651956481/variants/48056743035137
2026-08-06,NK00033,NK00033|W|18|VVSVS-EFG|H|26|6.12|NA,48056743067905,Sapphire Lab-Grown Diamond Necklace,DRAFT,18K,0,0,0,https://admin.shopify.com/store/auracarat/products/8984651956481/variants/48056743067905
2026-08-06,NK00033,NK00033|Y|14|VVSVS-EFG|H|14|6.12|NA,48056742641921,Sapphire Lab-Grown Diamond Necklace,DRAFT,14K,0,0,0,https://admin.shopify.com/store/auracarat/products/8984651956481/variants/48056742641921
2026-08-06,NK00033,NK00033|Y|14|VVSVS-EFG|H|15|6.12|NA,48056742674689,Sapphire Lab-Grown Diamond Necklace,DRAFT,14K,0,0,0,https://admin.shopify.com/store/auracarat/products/8984651956481/variants/48056742674689
2026-08-06,NK00033,NK00033|Y|14|VVSVS-EFG|H|16|6.12|NA,48056742609153,Sapphire Lab-Grown Diamond Necklace,DRAFT,14K,0,0,0,https://admin.shopify.com/store/auracarat/products/8984651956481/variants/48056742609153
2026-08-06,NK00033,NK00033|Y|14|VVSVS-EFG|H|17|6.12|NA,48056742707457,Sapphire Lab-Grown Diamond Necklace,DRAFT,14K,0,0,0,https://admin.shopify.com/store/auracarat/products/8984651956481/variants/48056742707457
2026-08-06,NK00033,NK00033|Y|14|VVSVS-EFG|H|26|6.12|NA,48056742740225,Sapphire Lab-Grown Diamond Necklace,DRAFT,14K,0,0,0,https://admin.shopify.com/store/auracarat/products/8984651956481/variants/48056742740225
2026-08-06,NK00033,NK00033|Y|18|VVSVS-EFG|H|14|6.12|NA,48056743133441,Sapphire Lab-Grown Diamond Necklace,DRAFT,18K,0,0,0,https://admin.shopify.com/store/auracarat/products/8984651956481/variants/48056743133441
2026-08-06,NK00033,NK00033|Y|18|VVSVS-EFG|H|15|6.12|NA,48056743166209,Sapphire Lab-Grown Diamond Necklace,DRAFT,18K,0,0,0,https://admin.shopify.com/store/auracarat/products/8984651956481/variants/48056743166209
2026-08-06,NK00033,NK00033|Y|18|VVSVS-EFG|H|16|6.12|NA,48056743100673,Sapphire Lab-Grown Diamond Necklace,DRAFT,18K,0,0,0,https://admin.shopify.com/store/auracarat/products/8984651956481/variants/48056743100673
2026-08-06,NK00033,NK00033|Y|18|VVSVS-EFG|H|17|6.12|NA,48056743198977,Sapphire Lab-Grown Diamond Necklace,DRAFT,18K,0,0,0,https://admin.shopify.com/store/auracarat/products/8984651956481/variants/48056743198977
2026-08-06,NK00033,NK00033|Y|18|VVSVS-EFG|H|26|6.12|NA,48056743231745,Sapphire Lab-Grown Diamond Necklace,DRAFT,18K,0,0,0,https://admin.shopify.com/store/auracarat/products/8984651956481/variants/48056743231745
2026-08-06,NK00034,NK00034|P|14|VVSVS-EFG|H|14|0.97|NA,48056741265665,Crystal Lab-Grown Diamond Pendant,DRAFT,14K,0,0,0,https://admin.shopify.com/store/auracarat/products/8984651989249/variants/48056741265665
2026-08-06,NK00034,NK00034|P|14|VVSVS-EFG|H|15|0.97|NA,48056741298433,Crystal Lab-Grown Diamond Pendant,DRAFT,14K,0,0,0,https://admin.shopify.com/store/auracarat/products/8984651989249/variants/48056741298433
2026-08-06,NK00034,NK00034|P|14|VVSVS-EFG|H|17|0.97|NA,48056741331201,Crystal Lab-Grown Diamond Pendant,DRAFT,14K,0,0,0,https://admin.shopify.com/store/auracarat/products/8984651989249/variants/48056741331201
2026-08-06,NK00034,NK00034|P|14|VVSVS-EFG|H|26|0.97|NA,48056741363969,Crystal Lab-Grown Diamond Pendant,DRAFT,14K,0,0,0,https://admin.shopify.com/store/auracarat/products/8984651989249/variants/48056741363969
2026-08-06,NK00034,NK00034|P|18|VVSVS-EFG|H|14|0.97|NA,48056741757185,Crystal Lab-Grown Diamond Pendant,DRAFT,18K,0,0,0,https://admin.shopify.com/store/auracarat/products/8984651989249/variants/48056741757185
2026-08-06,NK00034,NK00034|P|18|VVSVS-EFG|H|15|0.97|NA,48056741789953,Crystal Lab-Grown Diamond Pendant,DRAFT,18K,0,0,0,https://admin.shopify.com/store/auracarat/products/8984651989249/variants/48056741789953
2026-08-06,NK00034,NK00034|P|18|VVSVS-EFG|H|16|0.97|NA,48056741724417,Crystal Lab-Grown Diamond Pendant,DRAFT,18K,0,0,0,https://admin.shopify.com/store/auracarat/products/8984651989249/variants/48056741724417
2026-08-06,NK00034,NK00034|P|18|VVSVS-EFG|H|17|0.97|NA,48056741822721,Crystal Lab-Grown Diamond Pendant,DRAFT,18K,0,0,0,https://admin.shopify.com/store/auracarat/products/8984651989249/variants/48056741822721
2026-08-06,NK00034,NK00034|P|18|VVSVS-EFG|H|26|0.97|NA,48056741855489,Crystal Lab-Grown Diamond Pendant,DRAFT,18K,0,0,0,https://admin.shopify.com/store/auracarat/products/8984651989249/variants/48056741855489
2026-08-06,NK00034,NK00034|W|14|VVSVS-EFG|H|14|0.97|NA,48056741429505,Crystal Lab-Grown Diamond Pendant,DRAFT,14K,0,0,0,https://admin.shopify.com/store/auracarat/products/8984651989249/variants/48056741429505
2026-08-06,NK00034,NK00034|W|14|VVSVS-EFG|H|15|0.97|NA,48056741462273,Crystal Lab-Grown Diamond Pendant,DRAFT,14K,0,0,0,https://admin.shopify.com/store/auracarat/products/8984651989249/variants/48056741462273
2026-08-06,NK00034,NK00034|W|14|VVSVS-EFG|H|16|0.97|NA,48056741396737,Crystal Lab-Grown Diamond Pendant,DRAFT,14K,0,0,0,https://admin.shopify.com/store/auracarat/products/8984651989249/variants/48056741396737
2026-08-06,NK00034,NK00034|W|14|VVSVS-EFG|H|17|0.97|NA,48056741495041,Crystal Lab-Grown Diamond Pendant,DRAFT,14K,0,0,0,https://admin.shopify.com/store/auracarat/products/8984651989249/variants/48056741495041
2026-08-06,NK00034,NK00034|W|14|VVSVS-EFG|H|26|0.97|NA,48056741527809,Crystal Lab-Grown Diamond Pendant,DRAFT,14K,0,0,0,https://admin.shopify.com/store/auracarat/products/8984651989249/variants/48056741527809
2026-08-06,NK00034,NK00034|W|18|VVSVS-EFG|H|14|0.97|NA,48056741921025,Crystal Lab-Grown Diamond Pendant,DRAFT,18K,0,0,0,https://admin.shopify.com/store/auracarat/products/8984651989249/variants/48056741921025
2026-08-06,NK00034,NK00034|W|18|VVSVS-EFG|H|15|0.97|NA,48056741953793,Crystal Lab-Grown Diamond Pendant,DRAFT,18K,0,0,0,https://admin.shopify.com/store/auracarat/products/8984651989249/variants/48056741953793
2026-08-06,NK00034,NK00034|W|18|VVSVS-EFG|H|16|0.97|NA,48056741888257,Crystal Lab-Grown Diamond Pendant,DRAFT,18K,0,0,0,https://admin.shopify.com/store/auracarat/products/8984651989249/variants/48056741888257
2026-08-06,NK00034,NK00034|W|18|VVSVS-EFG|H|17|0.97|NA,48056741986561,Crystal Lab-Grown Diamond Pendant,DRAFT,18K,0,0,0,https://admin.shopify.com/store/auracarat/products/8984651989249/variants/48056741986561
2026-08-06,NK00034,NK00034|W|18|VVSVS-EFG|H|26|0.97|NA,48056742019329,Crystal Lab-Grown Diamond Pendant,DRAFT,18K,0,0,0,https://admin.shopify.com/store/auracarat/products/8984651989249/variants/48056742019329
2026-08-06,NK00034,NK00034|Y|14|VVSVS-EFG|H|14|0.97|NA,48056741593345,Crystal Lab-Grown Diamond Pendant,DRAFT,14K,0,0,0,https://admin.shopify.com/store/auracarat/products/8984651989249/variants/48056741593345
2026-08-06,NK00034,NK00034|Y|14|VVSVS-EFG|H|15|0.97|NA,48056741626113,Crystal Lab-Grown Diamond Pendant,DRAFT,14K,0,0,0,https://admin.shopify.com/store/auracarat/products/8984651989249/variants/48056741626113
2026-08-06,NK00034,NK00034|Y|14|VVSVS-EFG|H|16|0.97|NA,48056741560577,Crystal Lab-Grown Diamond Pendant,DRAFT,14K,0,0,0,https://admin.shopify.com/store/auracarat/products/8984651989249/variants/48056741560577
2026-08-06,NK00034,NK00034|Y|14|VVSVS-EFG|H|17|0.97|NA,48056741658881,Crystal Lab-Grown Diamond Pendant,DRAFT,14K,0,0,0,https://admin.shopify.com/store/auracarat/products/8984651989249/variants/48056741658881
2026-08-06,NK00034,NK00034|Y|14|VVSVS-EFG|H|26|0.97|NA,48056741691649,Crystal Lab-Grown Diamond Pendant,DRAFT,14K,0,0,0,https://admin.shopify.com/store/auracarat/products/8984651989249/variants/48056741691649
2026-08-06,NK00034,NK00034|Y|18|VVSVS-EFG|H|14|0.97|NA,48056742084865,Crystal Lab-Grown Diamond Pendant,DRAFT,18K,0,0,0,https://admin.shopify.com/store/auracarat/products/8984651989249/variants/48056742084865
2026-08-06,NK00034,NK00034|Y|18|VVSVS-EFG|H|15|0.97|NA,48056742117633,Crystal Lab-Grown Diamond Pendant,DRAFT,18K,0,0,0,https://admin.shopify.com/store/auracarat/products/8984651989249/variants/48056742117633
2026-08-06,NK00034,NK00034|Y|18|VVSVS-EFG|H|16|0.97|NA,48056742052097,Crystal Lab-Grown Diamond Pendant,DRAFT,18K,0,0,0,https://admin.shopify.com/store/auracarat/products/8984651989249/variants/48056742052097
2026-08-06,NK00034,NK00034|Y|18|VVSVS-EFG|H|17|0.97|NA,48056742150401,Crystal Lab-Grown Diamond Pendant,DRAFT,18K,0,0,0,https://admin.shopify.com/store/auracarat/products/8984651989249/variants/48056742150401
2026-08-06,NK00034,NK00034|Y|18|VVSVS-EFG|H|26|0.97|NA,48056742183169,Crystal Lab-Grown Diamond Pendant,DRAFT,18K,0,0,0,https://admin.shopify.com/store/auracarat/products/8984651989249/variants/48056742183169
2026-08-06,NK00039,NK00039|P|14|VVSVS-EFG|H|14|1.80|0.47,48056732647681,Taurus Lab-Grown Diamond Pendant,DRAFT,14K,0,0,0,https://admin.shopify.com/store/auracarat/products/8984652120321/variants/48056732647681
2026-08-06,NK00039,NK00039|P|14|VVSVS-EFG|H|15|1.80|0.47,48056732680449,Taurus Lab-Grown Diamond Pendant,DRAFT,14K,0,0,0,https://admin.shopify.com/store/auracarat/products/8984652120321/variants/48056732680449
2026-08-06,NK00039,NK00039|P|14|VVSVS-EFG|H|17|1.80|0.47,48056732713217,Taurus Lab-Grown Diamond Pendant,DRAFT,14K,0,0,0,https://admin.shopify.com/store/auracarat/products/8984652120321/variants/48056732713217
2026-08-06,NK00039,NK00039|P|14|VVSVS-EFG|H|26|1.80|0.47,48056732745985,Taurus Lab-Grown Diamond Pendant,DRAFT,14K,0,0,0,https://admin.shopify.com/store/auracarat/products/8984652120321/variants/48056732745985
2026-08-06,NK00039,NK00039|P|18|VVSVS-EFG|H|14|1.80|0.47,48056733139201,Taurus Lab-Grown Diamond Pendant,DRAFT,18K,0,0,0,https://admin.shopify.com/store/auracarat/products/8984652120321/variants/48056733139201
2026-08-06,NK00039,NK00039|P|18|VVSVS-EFG|H|15|1.80|0.47,48056733171969,Taurus Lab-Grown Diamond Pendant,DRAFT,18K,0,0,0,https://admin.shopify.com/store/auracarat/products/8984652120321/variants/48056733171969
2026-08-06,NK00039,NK00039|P|18|VVSVS-EFG|H|16|1.80|0.47,48056733106433,Taurus Lab-Grown Diamond Pendant,DRAFT,18K,0,0,0,https://admin.shopify.com/store/auracarat/products/8984652120321/variants/48056733106433
2026-08-06,NK00039,NK00039|P|18|VVSVS-EFG|H|17|1.80|0.47,48056733204737,Taurus Lab-Grown Diamond Pendant,DRAFT,18K,0,0,0,https://admin.shopify.com/store/auracarat/products/8984652120321/variants/48056733204737
2026-08-06,NK00039,NK00039|P|18|VVSVS-EFG|H|26|1.80|0.47,48056733237505,Taurus Lab-Grown Diamond Pendant,DRAFT,18K,0,0,0,https://admin.shopify.com/store/auracarat/products/8984652120321/variants/48056733237505
2026-08-06,NK00039,NK00039|W|14|VVSVS-EFG|H|14|1.80|0.47,48056732811521,Taurus Lab-Grown Diamond Pendant,DRAFT,14K,0,0,0,https://admin.shopify.com/store/auracarat/products/8984652120321/variants/48056732811521
2026-08-06,NK00039,NK00039|W|14|VVSVS-EFG|H|15|1.80|0.47,48056732844289,Taurus Lab-Grown Diamond Pendant,DRAFT,14K,0,0,0,https://admin.shopify.com/store/auracarat/products/8984652120321/variants/48056732844289
2026-08-06,NK00039,NK00039|W|14|VVSVS-EFG|H|16|1.80|0.47,48056732778753,Taurus Lab-Grown Diamond Pendant,DRAFT,14K,0,0,0,https://admin.shopify.com/store/auracarat/products/8984652120321/variants/48056732778753
2026-08-06,NK00039,NK00039|W|14|VVSVS-EFG|H|17|1.80|0.47,48056732877057,Taurus Lab-Grown Diamond Pendant,DRAFT,14K,0,0,0,https://admin.shopify.com/store/auracarat/products/8984652120321/variants/48056732877057
2026-08-06,NK00039,NK00039|W|14|VVSVS-EFG|H|26|1.80|0.47,48056732909825,Taurus Lab-Grown Diamond Pendant,DRAFT,14K,0,0,0,https://admin.shopify.com/store/auracarat/products/8984652120321/variants/48056732909825
2026-08-06,NK00039,NK00039|W|18|VVSVS-EFG|H|14|1.80|0.47,48056733303041,Taurus Lab-Grown Diamond Pendant,DRAFT,18K,0,0,0,https://admin.shopify.com/store/auracarat/products/8984652120321/variants/48056733303041
2026-08-06,NK00039,NK00039|W|18|VVSVS-EFG|H|15|1.80|0.47,48056733335809,Taurus Lab-Grown Diamond Pendant,DRAFT,18K,0,0,0,https://admin.shopify.com/store/auracarat/products/8984652120321/variants/48056733335809
2026-08-06,NK00039,NK00039|W|18|VVSVS-EFG|H|16|1.80|0.47,48056733270273,Taurus Lab-Grown Diamond Pendant,DRAFT,18K,0,0,0,https://admin.shopify.com/store/auracarat/products/8984652120321/variants/48056733270273
2026-08-06,NK00039,NK00039|W|18|VVSVS-EFG|H|17|1.80|0.47,48056733368577,Taurus Lab-Grown Diamond Pendant,DRAFT,18K,0,0,0,https://admin.shopify.com/store/auracarat/products/8984652120321/variants/48056733368577
2026-08-06,NK00039,NK00039|W|18|VVSVS-EFG|H|26|1.80|0.47,48056733401345,Taurus Lab-Grown Diamond Pendant,DRAFT,18K,0,0,0,https://admin.shopify.com/store/auracarat/products/8984652120321/variants/48056733401345
2026-08-06,NK00039,NK00039|Y|14|VVSVS-EFG|H|14|1.80|0.47,48056732975361,Taurus Lab-Grown Diamond Pendant,DRAFT,14K,0,0,0,https://admin.shopify.com/store/auracarat/products/8984652120321/variants/48056732975361
2026-08-06,NK00039,NK00039|Y|14|VVSVS-EFG|H|15|1.80|0.47,48056733008129,Taurus Lab-Grown Diamond Pendant,DRAFT,14K,0,0,0,https://admin.shopify.com/store/auracarat/products/8984652120321/variants/48056733008129
2026-08-06,NK00039,NK00039|Y|14|VVSVS-EFG|H|16|1.80|0.47,48056732942593,Taurus Lab-Grown Diamond Pendant,DRAFT,14K,0,0,0,https://admin.shopify.com/store/auracarat/products/8984652120321/variants/48056732942593
2026-08-06,NK00039,NK00039|Y|14|VVSVS-EFG|H|17|1.80|0.47,48056733040897,Taurus Lab-Grown Diamond Pendant,DRAFT,14K,0,0,0,https://admin.shopify.com/store/auracarat/products/8984652120321/variants/48056733040897
2026-08-06,NK00039,NK00039|Y|14|VVSVS-EFG|H|26|1.80|0.47,48056733073665,Taurus Lab-Grown Diamond Pendant,DRAFT,14K,0,0,0,https://admin.shopify.com/store/auracarat/products/8984652120321/variants/48056733073665
2026-08-06,NK00039,NK00039|Y|18|VVSVS-EFG|H|14|1.80|0.47,48056733466881,Taurus Lab-Grown Diamond Pendant,DRAFT,18K,0,0,0,https://admin.shopify.com/store/auracarat/products/8984652120321/variants/48056733466881
2026-08-06,NK00039,NK00039|Y|18|VVSVS-EFG|H|15|1.80|0.47,48056733499649,Taurus Lab-Grown Diamond Pendant,DRAFT,18K,0,0,0,https://admin.shopify.com/store/auracarat/products/8984652120321/variants/48056733499649
2026-08-06,NK00039,NK00039|Y|18|VVSVS-EFG|H|16|1.80|0.47,48056733434113,Taurus Lab-Grown Diamond Pendant,DRAFT,18K,0,0,0,https://admin.shopify.com/store/auracarat/products/8984652120321/variants/48056733434113
2026-08-06,NK00039,NK00039|Y|18|VVSVS-EFG|H|17|1.80|0.47,48056733532417,Taurus Lab-Grown Diamond Pendant,DRAFT,18K,0,0,0,https://admin.shopify.com/store/auracarat/products/8984652120321/variants/48056733532417
2026-08-06,NK00039,NK00039|Y|18|VVSVS-EFG|H|26|1.80|0.47,48056733565185,Taurus Lab-Grown Diamond Pendant,DRAFT,18K,0,0,0,https://admin.shopify.com/store/auracarat/products/8984652120321/variants/48056733565185
2026-08-06,NK00046,NK00046|P|14|VVSVS-EFG|H|16|0.88|NA,48066216001793,Heartfull Lab Diamond Pendant,ACTIVE,14K,0,0,0,https://admin.shopify.com/store/auracarat/products/9028784980225/variants/48066216001793
2026-08-06,NK00048,NK00048|P|14|VVSVS-EFG|H|14|0.47|0.33,48056725766401,Halo Lab-Grown Diamond Solitaire Pendant,DRAFT,14K,0,0,0,https://admin.shopify.com/store/auracarat/products/8984652382465/variants/48056725766401
2026-08-06,NK00048,NK00048|P|14|VVSVS-EFG|H|15|0.47|0.33,48056725799169,Halo Lab-Grown Diamond Solitaire Pendant,DRAFT,14K,0,0,0,https://admin.shopify.com/store/auracarat/products/8984652382465/variants/48056725799169
2026-08-06,NK00048,NK00048|P|14|VVSVS-EFG|H|17|0.47|0.33,48056725831937,Halo Lab-Grown Diamond Solitaire Pendant,DRAFT,14K,0,0,0,https://admin.shopify.com/store/auracarat/products/8984652382465/variants/48056725831937
2026-08-06,NK00048,NK00048|P|14|VVSVS-EFG|H|26|0.47|0.33,48056725864705,Halo Lab-Grown Diamond Solitaire Pendant,DRAFT,14K,0,0,0,https://admin.shopify.com/store/auracarat/products/8984652382465/variants/48056725864705
2026-08-06,NK00048,NK00048|P|18|VVSVS-EFG|H|14|0.47|0.33,48056726257921,Halo Lab-Grown Diamond Solitaire Pendant,DRAFT,18K,0,0,0,https://admin.shopify.com/store/auracarat/products/8984652382465/variants/48056726257921
2026-08-06,NK00048,NK00048|P|18|VVSVS-EFG|H|15|0.47|0.33,48056726290689,Halo Lab-Grown Diamond Solitaire Pendant,DRAFT,18K,0,0,0,https://admin.shopify.com/store/auracarat/products/8984652382465/variants/48056726290689
2026-08-06,NK00048,NK00048|P|18|VVSVS-EFG|H|16|0.47|0.33,48056726225153,Halo Lab-Grown Diamond Solitaire Pendant,DRAFT,18K,0,0,0,https://admin.shopify.com/store/auracarat/products/8984652382465/variants/48056726225153
2026-08-06,NK00048,NK00048|P|18|VVSVS-EFG|H|17|0.47|0.33,48056726323457,Halo Lab-Grown Diamond Solitaire Pendant,DRAFT,18K,0,0,0,https://admin.shopify.com/store/auracarat/products/8984652382465/variants/48056726323457
2026-08-06,NK00048,NK00048|P|18|VVSVS-EFG|H|26|0.47|0.33,48056726356225,Halo Lab-Grown Diamond Solitaire Pendant,DRAFT,18K,0,0,0,https://admin.shopify.com/store/auracarat/products/8984652382465/variants/48056726356225
2026-08-06,NK00048,NK00048|W|14|VVSVS-EFG|H|14|0.47|0.33,48056725930241,Halo Lab-Grown Diamond Solitaire Pendant,DRAFT,14K,0,0,0,https://admin.shopify.com/store/auracarat/products/8984652382465/variants/48056725930241
2026-08-06,NK00048,NK00048|W|14|VVSVS-EFG|H|15|0.47|0.33,48056725963009,Halo Lab-Grown Diamond Solitaire Pendant,DRAFT,14K,0,0,0,https://admin.shopify.com/store/auracarat/products/8984652382465/variants/48056725963009
2026-08-06,NK00048,NK00048|W|14|VVSVS-EFG|H|16|0.47|0.33,48056725897473,Halo Lab-Grown Diamond Solitaire Pendant,DRAFT,14K,0,0,0,https://admin.shopify.com/store/auracarat/products/8984652382465/variants/48056725897473
2026-08-06,NK00048,NK00048|W|14|VVSVS-EFG|H|17|0.47|0.33,48056725995777,Halo Lab-Grown Diamond Solitaire Pendant,DRAFT,14K,0,0,0,https://admin.shopify.com/store/auracarat/products/8984652382465/variants/48056725995777
2026-08-06,NK00048,NK00048|W|14|VVSVS-EFG|H|26|0.47|0.33,48056726028545,Halo Lab-Grown Diamond Solitaire Pendant,DRAFT,14K,0,0,0,https://admin.shopify.com/store/auracarat/products/8984652382465/variants/48056726028545
2026-08-06,NK00048,NK00048|W|18|VVSVS-EFG|H|14|0.47|0.33,48056726421761,Halo Lab-Grown Diamond Solitaire Pendant,DRAFT,18K,0,0,0,https://admin.shopify.com/store/auracarat/products/8984652382465/variants/48056726421761
2026-08-06,NK00048,NK00048|W|18|VVSVS-EFG|H|15|0.47|0.33,48056726454529,Halo Lab-Grown Diamond Solitaire Pendant,DRAFT,18K,0,0,0,https://admin.shopify.com/store/auracarat/products/8984652382465/variants/48056726454529
2026-08-06,NK00048,NK00048|W|18|VVSVS-EFG|H|16|0.47|0.33,48056726388993,Halo Lab-Grown Diamond Solitaire Pendant,DRAFT,18K,0,0,0,https://admin.shopify.com/store/auracarat/products/8984652382465/variants/48056726388993
2026-08-06,NK00048,NK00048|W|18|VVSVS-EFG|H|17|0.47|0.33,48056726487297,Halo Lab-Grown Diamond Solitaire Pendant,DRAFT,18K,0,0,0,https://admin.shopify.com/store/auracarat/products/8984652382465/variants/48056726487297
2026-08-06,NK00048,NK00048|W|18|VVSVS-EFG|H|26|0.47|0.33,48056726520065,Halo Lab-Grown Diamond Solitaire Pendant,DRAFT,18K,0,0,0,https://admin.shopify.com/store/auracarat/products/8984652382465/variants/48056726520065
2026-08-06,NK00048,NK00048|Y|14|VVSVS-EFG|H|14|0.47|0.33,48056726094081,Halo Lab-Grown Diamond Solitaire Pendant,DRAFT,14K,0,0,0,https://admin.shopify.com/store/auracarat/products/8984652382465/variants/48056726094081
2026-08-06,NK00048,NK00048|Y|14|VVSVS-EFG|H|15|0.47|0.33,48056726126849,Halo Lab-Grown Diamond Solitaire Pendant,DRAFT,14K,0,0,0,https://admin.shopify.com/store/auracarat/products/8984652382465/variants/48056726126849
2026-08-06,NK00048,NK00048|Y|14|VVSVS-EFG|H|16|0.47|0.33,48056726061313,Halo Lab-Grown Diamond Solitaire Pendant,DRAFT,14K,0,0,0,https://admin.shopify.com/store/auracarat/products/8984652382465/variants/48056726061313
2026-08-06,NK00048,NK00048|Y|14|VVSVS-EFG|H|17|0.47|0.33,48056726159617,Halo Lab-Grown Diamond Solitaire Pendant,DRAFT,14K,0,0,0,https://admin.shopify.com/store/auracarat/products/8984652382465/variants/48056726159617
2026-08-06,NK00048,NK00048|Y|14|VVSVS-EFG|H|26|0.47|0.33,48056726192385,Halo Lab-Grown Diamond Solitaire Pendant,DRAFT,14K,0,0,0,https://admin.shopify.com/store/auracarat/products/8984652382465/variants/48056726192385
2026-08-06,NK00048,NK00048|Y|18|VVSVS-EFG|H|14|0.47|0.33,48056726585601,Halo Lab-Grown Diamond Solitaire Pendant,DRAFT,18K,0,0,0,https://admin.shopify.com/store/auracarat/products/8984652382465/variants/48056726585601
2026-08-06,NK00048,NK00048|Y|18|VVSVS-EFG|H|15|0.47|0.33,48056726618369,Halo Lab-Grown Diamond Solitaire Pendant,DRAFT,18K,0,0,0,https://admin.shopify.com/store/auracarat/products/8984652382465/variants/48056726618369
2026-08-06,NK00048,NK00048|Y|18|VVSVS-EFG|H|16|0.47|0.33,48056726552833,Halo Lab-Grown Diamond Solitaire Pendant,DRAFT,18K,0,0,0,https://admin.shopify.com/store/auracarat/products/8984652382465/variants/48056726552833
2026-08-06,NK00048,NK00048|Y|18|VVSVS-EFG|H|17|0.47|0.33,48056726651137,Halo Lab-Grown Diamond Solitaire Pendant,DRAFT,18K,0,0,0,https://admin.shopify.com/store/auracarat/products/8984652382465/variants/48056726651137
2026-08-06,NK00048,NK00048|Y|18|VVSVS-EFG|H|26|0.47|0.33,48056726683905,Halo Lab-Grown Diamond Solitaire Pendant,DRAFT,18K,0,0,0,https://admin.shopify.com/store/auracarat/products/8984652382465/variants/48056726683905
2026-08-06,TP03-16,TP03-16,49916172534017,Test Product 03,DRAFT,18K,7.7747,17930,13833.2,https://admin.shopify.com/store/auracarat/products/9292341838081/variants/49916172534017
2026-08-06,TP03-17,TP03-17,49916172566785,Test Product 03,DRAFT,18K,0,17930,13833.2,https://admin.shopify.com/store/auracarat/products/9292341838081/variants/49916172566785
2026-08-06,TP03-18,TP03-18,49916172599553,Test Product 03,DRAFT,18K,0,17930,13833.2,https://admin.shopify.com/store/auracarat/products/9292341838081/variants/49916172599553
2026-08-06,TP03-19,TP03-19,49916172632321,Test Product 03,DRAFT,18K,7.7747,17930,13833.2,https://admin.shopify.com/store/auracarat/products/9292341838081/variants/49916172632321
2026-08-06,TP03-20,TP03-20,49916172665089,Test Product 03,DRAFT,18K,0,17930,13833.2,https://admin.shopify.com/store/auracarat/products/9292341838081/variants/49916172665089
2026-08-06,TP03-21,TP03-21,49916172697857,Test Product 03,DRAFT,18K,7.7747,17930,13833.2,https://admin.shopify.com/store/auracarat/products/9292341838081/variants/49916172697857
2026-08-06,TP03-22,TP03-22,49916172730625,Test Product 03,DRAFT,18K,0,17930,13833.2,https://admin.shopify.com/store/auracarat/products/9292341838081/variants/49916172730625
2026-08-06,TP03-23,TP03-23,49916172763393,Test Product 03,DRAFT,18K,0,17930,13833.2,https://admin.shopify.com/store/auracarat/products/9292341838081/variants/49916172763393
2026-08-06,TP03-24,TP03-24,49916172796161,Test Product 03,DRAFT,18K,0,17930,13833.2,https://admin.shopify.com/store/auracarat/products/9292341838081/variants/49916172796161
2026-08-06,TP03-25,TP03-25,49916172828929,Test Product 03,DRAFT,18K,0,17930,13833.2,https://admin.shopify.com/store/auracarat/products/9292341838081/variants/49916172828929
2026-08-06,TP03-26,TP03-26,49916172861697,Test Product 03,DRAFT,18K,7.7747,17930,13833.2,https://admin.shopify.com/store/auracarat/products/9292341838081/variants/49916172861697
2026-08-06,TP03-27,TP03-27,49916172894465,Test Product 03,DRAFT,18K,0,17930,13833.2,https://admin.shopify.com/store/auracarat/products/9292341838081/variants/49916172894465
2026-08-06,TP03-28,TP03-28,49916172927233,Test Product 03,DRAFT,18K,0,17930,13833.2,https://admin.shopify.com/store/auracarat/products/9292341838081/variants/49916172927233
2026-08-06,TP03-29,TP03-29,49916172960001,Test Product 03,DRAFT,18K,0,17930,13833.2,https://admin.shopify.com/store/auracarat/products/9292341838081/variants/49916172960001
2026-08-06,TP03-30,TP03-30,49916172992769,Test Product 03,DRAFT,18K,0,17930,13833.2,https://admin.shopify.com/store/auracarat/products/9292341838081/variants/49916172992769
2026-08-06,TP04-03,TP04-03,49926955368705,Test Product 04,DRAFT,18K,0,0,0,https://admin.shopify.com/store/auracarat/products/9295303180545/variants/49926955368705